DATAFLOW,LAST UPDATE,freq,unit,spdeps,geo,TIME_PERIOD,OBS_VALUE,OBS_FLAG
ESTAT:TPS00098(1.0),07/11/24 23:00:00,Annual,Percentage of gross domestic product (GDP),Total,Albania,2018,12.08,p
ESTAT:TPS00098(1.0),07/11/24 23:00:00,Annual,Percentage of gross domestic product (GDP),Total,Albania,2019,12.17,p
ESTAT:TPS00098(1.0),07/11/24 23:00:00,Annual,Percentage of gross domestic product (GDP),Total,Albania,2020,13.89,p
ESTAT:TPS00098(1.0),07/11/24 23:00:00,Annual,Percentage of gross domestic product (GDP),Total,Albania,2021,13.05,p
ESTAT:TPS00098(1.0),07/11/24 23:00:00,Annual,Percentage of gross domestic product (GDP),Total,Albania,2022,12.1,
ESTAT:TPS00098(1.0),07/11/24 23:00:00,Annual,Percentage of gross domestic product (GDP),Total,Austria,2011,28.96,
ESTAT:TPS00098(1.0),07/11/24 23:00:00,Annual,Percentage of gross domestic product (GDP),Total,Austria,2012,29.29,
ESTAT:TPS00098(1.0),07/11/24 23:00:00,Annual,Percentage of gross domestic product (GDP),Total,Austria,2013,29.83,
ESTAT:TPS00098(1.0),07/11/24 23:00:00,Annual,Percentage of gross domestic product (GDP),Total,Austria,2014,30,
ESTAT:TPS00098(1.0),07/11/24 23:00:00,Annual,Percentage of gross domestic product (GDP),Total,Austria,2015,29.97,
ESTAT:TPS00098(1.0),07/11/24 23:00:00,Annual,Percentage of gross domestic product (GDP),Total,Austria,2016,29.91,
ESTAT:TPS00098(1.0),07/11/24 23:00:00,Annual,Percentage of gross domestic product (GDP),Total,Austria,2017,29.48,
ESTAT:TPS00098(1.0),07/11/24 23:00:00,Annual,Percentage of gross domestic product (GDP),Total,Austria,2018,29.21,
ESTAT:TPS00098(1.0),07/11/24 23:00:00,Annual,Percentage of gross domestic product (GDP),Total,Austria,2019,29.37,
ESTAT:TPS00098(1.0),07/11/24 23:00:00,Annual,Percentage of gross domestic product (GDP),Total,Austria,2020,34.09,
ESTAT:TPS00098(1.0),07/11/24 23:00:00,Annual,Percentage of gross domestic product (GDP),Total,Austria,2021,32.83,
ESTAT:TPS00098(1.0),07/11/24 23:00:00,Annual,Percentage of gross domestic product (GDP),Total,Austria,2022,30.38,
ESTAT:TPS00098(1.0),07/11/24 23:00:00,Annual,Percentage of gross domestic product (GDP),Total,Bosnia and Herzegovina,2013,20.7,
ESTAT:TPS00098(1.0),07/11/24 23:00:00,Annual,Percentage of gross domestic product (GDP),Total,Bosnia and Herzegovina,2014,20.93,
ESTAT:TPS00098(1.0),07/11/24 23:00:00,Annual,Percentage of gross domestic product (GDP),Total,Bosnia and Herzegovina,2015,20.33,
ESTAT:TPS00098(1.0),07/11/24 23:00:00,Annual,Percentage of gross domestic product (GDP),Total,Bosnia and Herzegovina,2016,20.8,
ESTAT:TPS00098(1.0),07/11/24 23:00:00,Annual,Percentage of gross domestic product (GDP),Total,Bosnia and Herzegovina,2017,20.23,
ESTAT:TPS00098(1.0),07/11/24 23:00:00,Annual,Percentage of gross domestic product (GDP),Total,Bosnia and Herzegovina,2018,19.74,
ESTAT:TPS00098(1.0),07/11/24 23:00:00,Annual,Percentage of gross domestic product (GDP),Total,Bosnia and Herzegovina,2019,19.85,
ESTAT:TPS00098(1.0),07/11/24 23:00:00,Annual,Percentage of gross domestic product (GDP),Total,Bosnia and Herzegovina,2020,22.31,
ESTAT:TPS00098(1.0),07/11/24 23:00:00,Annual,Percentage of gross domestic product (GDP),Total,Bosnia and Herzegovina,2021,19.95,
ESTAT:TPS00098(1.0),07/11/24 23:00:00,Annual,Percentage of gross domestic product (GDP),Total,Bosnia and Herzegovina,2022,18.79,
ESTAT:TPS00098(1.0),07/11/24 23:00:00,Annual,Percentage of gross domestic product (GDP),Total,Belgium,2011,29.93,
ESTAT:TPS00098(1.0),07/11/24 23:00:00,Annual,Percentage of gross domestic product (GDP),Total,Belgium,2012,29.69,
ESTAT:TPS00098(1.0),07/11/24 23:00:00,Annual,Percentage of gross domestic product (GDP),Total,Belgium,2013,30.03,
ESTAT:TPS00098(1.0),07/11/24 23:00:00,Annual,Percentage of gross domestic product (GDP),Total,Belgium,2014,30,
ESTAT:TPS00098(1.0),07/11/24 23:00:00,Annual,Percentage of gross domestic product (GDP),Total,Belgium,2015,29.83,
ESTAT:TPS00098(1.0),07/11/24 23:00:00,Annual,Percentage of gross domestic product (GDP),Total,Belgium,2016,29.24,
ESTAT:TPS00098(1.0),07/11/24 23:00:00,Annual,Percentage of gross domestic product (GDP),Total,Belgium,2017,28.85,
ESTAT:TPS00098(1.0),07/11/24 23:00:00,Annual,Percentage of gross domestic product (GDP),Total,Belgium,2018,28.73,
ESTAT:TPS00098(1.0),07/11/24 23:00:00,Annual,Percentage of gross domestic product (GDP),Total,Belgium,2019,28.68,
ESTAT:TPS00098(1.0),07/11/24 23:00:00,Annual,Percentage of gross domestic product (GDP),Total,Belgium,2020,32.68,
ESTAT:TPS00098(1.0),07/11/24 23:00:00,Annual,Percentage of gross domestic product (GDP),Total,Belgium,2021,30,p
ESTAT:TPS00098(1.0),07/11/24 23:00:00,Annual,Percentage of gross domestic product (GDP),Total,Belgium,2022,29.03,
ESTAT:TPS00098(1.0),07/11/24 23:00:00,Annual,Percentage of gross domestic product (GDP),Total,Bulgaria,2011,16.43,
ESTAT:TPS00098(1.0),07/11/24 23:00:00,Annual,Percentage of gross domestic product (GDP),Total,Bulgaria,2012,16.46,
ESTAT:TPS00098(1.0),07/11/24 23:00:00,Annual,Percentage of gross domestic product (GDP),Total,Bulgaria,2013,17.56,
ESTAT:TPS00098(1.0),07/11/24 23:00:00,Annual,Percentage of gross domestic product (GDP),Total,Bulgaria,2014,18.39,
ESTAT:TPS00098(1.0),07/11/24 23:00:00,Annual,Percentage of gross domestic product (GDP),Total,Bulgaria,2015,17.65,
ESTAT:TPS00098(1.0),07/11/24 23:00:00,Annual,Percentage of gross domestic product (GDP),Total,Bulgaria,2016,17.33,
ESTAT:TPS00098(1.0),07/11/24 23:00:00,Annual,Percentage of gross domestic product (GDP),Total,Bulgaria,2017,16.82,
ESTAT:TPS00098(1.0),07/11/24 23:00:00,Annual,Percentage of gross domestic product (GDP),Total,Bulgaria,2018,16.84,
ESTAT:TPS00098(1.0),07/11/24 23:00:00,Annual,Percentage of gross domestic product (GDP),Total,Bulgaria,2019,16.55,
ESTAT:TPS00098(1.0),07/11/24 23:00:00,Annual,Percentage of gross domestic product (GDP),Total,Bulgaria,2020,18.7,
ESTAT:TPS00098(1.0),07/11/24 23:00:00,Annual,Percentage of gross domestic product (GDP),Total,Bulgaria,2021,18.89,
ESTAT:TPS00098(1.0),07/11/24 23:00:00,Annual,Percentage of gross domestic product (GDP),Total,Bulgaria,2022,18.71,
ESTAT:TPS00098(1.0),07/11/24 23:00:00,Annual,Percentage of gross domestic product (GDP),Total,Switzerland,2011,24.49,
ESTAT:TPS00098(1.0),07/11/24 23:00:00,Annual,Percentage of gross domestic product (GDP),Total,Switzerland,2012,24.94,
ESTAT:TPS00098(1.0),07/11/24 23:00:00,Annual,Percentage of gross domestic product (GDP),Total,Switzerland,2013,25.87,
ESTAT:TPS00098(1.0),07/11/24 23:00:00,Annual,Percentage of gross domestic product (GDP),Total,Switzerland,2014,26.07,
ESTAT:TPS00098(1.0),07/11/24 23:00:00,Annual,Percentage of gross domestic product (GDP),Total,Switzerland,2015,26.85,
ESTAT:TPS00098(1.0),07/11/24 23:00:00,Annual,Percentage of gross domestic product (GDP),Total,Switzerland,2016,27.23,
ESTAT:TPS00098(1.0),07/11/24 23:00:00,Annual,Percentage of gross domestic product (GDP),Total,Switzerland,2017,27.59,
ESTAT:TPS00098(1.0),07/11/24 23:00:00,Annual,Percentage of gross domestic product (GDP),Total,Switzerland,2018,27.07,
ESTAT:TPS00098(1.0),07/11/24 23:00:00,Annual,Percentage of gross domestic product (GDP),Total,Switzerland,2019,27.65,
ESTAT:TPS00098(1.0),07/11/24 23:00:00,Annual,Percentage of gross domestic product (GDP),Total,Switzerland,2020,31.43,
ESTAT:TPS00098(1.0),07/11/24 23:00:00,Annual,Percentage of gross domestic product (GDP),Total,Switzerland,2021,29.72,
ESTAT:TPS00098(1.0),07/11/24 23:00:00,Annual,Percentage of gross domestic product (GDP),Total,Switzerland,2022,28.73,p
ESTAT:TPS00098(1.0),07/11/24 23:00:00,Annual,Percentage of gross domestic product (GDP),Total,Cyprus,2011,20.03,
ESTAT:TPS00098(1.0),07/11/24 23:00:00,Annual,Percentage of gross domestic product (GDP),Total,Cyprus,2012,20.83,
ESTAT:TPS00098(1.0),07/11/24 23:00:00,Annual,Percentage of gross domestic product (GDP),Total,Cyprus,2013,22.92,
ESTAT:TPS00098(1.0),07/11/24 23:00:00,Annual,Percentage of gross domestic product (GDP),Total,Cyprus,2014,20.09,
ESTAT:TPS00098(1.0),07/11/24 23:00:00,Annual,Percentage of gross domestic product (GDP),Total,Cyprus,2015,19.9,
ESTAT:TPS00098(1.0),07/11/24 23:00:00,Annual,Percentage of gross domestic product (GDP),Total,Cyprus,2016,19.31,
ESTAT:TPS00098(1.0),07/11/24 23:00:00,Annual,Percentage of gross domestic product (GDP),Total,Cyprus,2017,18.31,
ESTAT:TPS00098(1.0),07/11/24 23:00:00,Annual,Percentage of gross domestic product (GDP),Total,Cyprus,2018,17.64,
ESTAT:TPS00098(1.0),07/11/24 23:00:00,Annual,Percentage of gross domestic product (GDP),Total,Cyprus,2019,18.49,
ESTAT:TPS00098(1.0),07/11/24 23:00:00,Annual,Percentage of gross domestic product (GDP),Total,Cyprus,2020,24.57,
ESTAT:TPS00098(1.0),07/11/24 23:00:00,Annual,Percentage of gross domestic product (GDP),Total,Cyprus,2021,22.3,
ESTAT:TPS00098(1.0),07/11/24 23:00:00,Annual,Percentage of gross domestic product (GDP),Total,Cyprus,2022,20.98,
ESTAT:TPS00098(1.0),07/11/24 23:00:00,Annual,Percentage of gross domestic product (GDP),Total,Czechia,2011,19.69,
ESTAT:TPS00098(1.0),07/11/24 23:00:00,Annual,Percentage of gross domestic product (GDP),Total,Czechia,2012,20.18,
ESTAT:TPS00098(1.0),07/11/24 23:00:00,Annual,Percentage of gross domestic product (GDP),Total,Czechia,2013,19.82,
ESTAT:TPS00098(1.0),07/11/24 23:00:00,Annual,Percentage of gross domestic product (GDP),Total,Czechia,2014,19.37,
ESTAT:TPS00098(1.0),07/11/24 23:00:00,Annual,Percentage of gross domestic product (GDP),Total,Czechia,2015,18.72,
ESTAT:TPS00098(1.0),07/11/24 23:00:00,Annual,Percentage of gross domestic product (GDP),Total,Czechia,2016,18.56,
ESTAT:TPS00098(1.0),07/11/24 23:00:00,Annual,Percentage of gross domestic product (GDP),Total,Czechia,2017,18.09,
ESTAT:TPS00098(1.0),07/11/24 23:00:00,Annual,Percentage of gross domestic product (GDP),Total,Czechia,2018,18.24,
ESTAT:TPS00098(1.0),07/11/24 23:00:00,Annual,Percentage of gross domestic product (GDP),Total,Czechia,2019,18.49,
ESTAT:TPS00098(1.0),07/11/24 23:00:00,Annual,Percentage of gross domestic product (GDP),Total,Czechia,2020,21.51,
ESTAT:TPS00098(1.0),07/11/24 23:00:00,Annual,Percentage of gross domestic product (GDP),Total,Czechia,2021,21.18,
ESTAT:TPS00098(1.0),07/11/24 23:00:00,Annual,Percentage of gross domestic product (GDP),Total,Czechia,2022,19.94,
ESTAT:TPS00098(1.0),07/11/24 23:00:00,Annual,Percentage of gross domestic product (GDP),Total,Germany,2011,28.2,
ESTAT:TPS00098(1.0),07/11/24 23:00:00,Annual,Percentage of gross domestic product (GDP),Total,Germany,2012,28.31,
ESTAT:TPS00098(1.0),07/11/24 23:00:00,Annual,Percentage of gross domestic product (GDP),Total,Germany,2013,28.67,
ESTAT:TPS00098(1.0),07/11/24 23:00:00,Annual,Percentage of gross domestic product (GDP),Total,Germany,2014,28.51,
ESTAT:TPS00098(1.0),07/11/24 23:00:00,Annual,Percentage of gross domestic product (GDP),Total,Germany,2015,28.79,
ESTAT:TPS00098(1.0),07/11/24 23:00:00,Annual,Percentage of gross domestic product (GDP),Total,Germany,2016,29.04,
ESTAT:TPS00098(1.0),07/11/24 23:00:00,Annual,Percentage of gross domestic product (GDP),Total,Germany,2017,28.93,
ESTAT:TPS00098(1.0),07/11/24 23:00:00,Annual,Percentage of gross domestic product (GDP),Total,Germany,2018,29.1,
ESTAT:TPS00098(1.0),07/11/24 23:00:00,Annual,Percentage of gross domestic product (GDP),Total,Germany,2019,29.55,
ESTAT:TPS00098(1.0),07/11/24 23:00:00,Annual,Percentage of gross domestic product (GDP),Total,Germany,2020,32.39,
ESTAT:TPS00098(1.0),07/11/24 23:00:00,Annual,Percentage of gross domestic product (GDP),Total,Germany,2021,31.4,
ESTAT:TPS00098(1.0),07/11/24 23:00:00,Annual,Percentage of gross domestic product (GDP),Total,Germany,2022,30.01,p
ESTAT:TPS00098(1.0),07/11/24 23:00:00,Annual,Percentage of gross domestic product (GDP),Total,Denmark,2011,33.44,
ESTAT:TPS00098(1.0),07/11/24 23:00:00,Annual,Percentage of gross domestic product (GDP),Total,Denmark,2012,33.69,
ESTAT:TPS00098(1.0),07/11/24 23:00:00,Annual,Percentage of gross domestic product (GDP),Total,Denmark,2013,34.38,
ESTAT:TPS00098(1.0),07/11/24 23:00:00,Annual,Percentage of gross domestic product (GDP),Total,Denmark,2014,34.38,
ESTAT:TPS00098(1.0),07/11/24 23:00:00,Annual,Percentage of gross domestic product (GDP),Total,Denmark,2015,33.81,
ESTAT:TPS00098(1.0),07/11/24 23:00:00,Annual,Percentage of gross domestic product (GDP),Total,Denmark,2016,32.56,
ESTAT:TPS00098(1.0),07/11/24 23:00:00,Annual,Percentage of gross domestic product (GDP),Total,Denmark,2017,32.1,
ESTAT:TPS00098(1.0),07/11/24 23:00:00,Annual,Percentage of gross domestic product (GDP),Total,Denmark,2018,31.92,
ESTAT:TPS00098(1.0),07/11/24 23:00:00,Annual,Percentage of gross domestic product (GDP),Total,Denmark,2019,31.81,
ESTAT:TPS00098(1.0),07/11/24 23:00:00,Annual,Percentage of gross domestic product (GDP),Total,Denmark,2020,33.44,
ESTAT:TPS00098(1.0),07/11/24 23:00:00,Annual,Percentage of gross domestic product (GDP),Total,Denmark,2021,31.01,
ESTAT:TPS00098(1.0),07/11/24 23:00:00,Annual,Percentage of gross domestic product (GDP),Total,Denmark,2022,28.06,p
ESTAT:TPS00098(1.0),07/11/24 23:00:00,Annual,Percentage of gross domestic product (GDP),Total,Euro area - 19 countries  (2015-2022),2011,28.79,
ESTAT:TPS00098(1.0),07/11/24 23:00:00,Annual,Percentage of gross domestic product (GDP),Total,Euro area - 19 countries  (2015-2022),2012,29.25,
ESTAT:TPS00098(1.0),07/11/24 23:00:00,Annual,Percentage of gross domestic product (GDP),Total,Euro area - 19 countries  (2015-2022),2013,29.57,
ESTAT:TPS00098(1.0),07/11/24 23:00:00,Annual,Percentage of gross domestic product (GDP),Total,Euro area - 19 countries  (2015-2022),2014,29.47,
ESTAT:TPS00098(1.0),07/11/24 23:00:00,Annual,Percentage of gross domestic product (GDP),Total,Euro area - 19 countries  (2015-2022),2015,29.14,
ESTAT:TPS00098(1.0),07/11/24 23:00:00,Annual,Percentage of gross domestic product (GDP),Total,Euro area - 19 countries  (2015-2022),2016,28.98,
ESTAT:TPS00098(1.0),07/11/24 23:00:00,Annual,Percentage of gross domestic product (GDP),Total,Euro area - 19 countries  (2015-2022),2017,28.62,p
ESTAT:TPS00098(1.0),07/11/24 23:00:00,Annual,Percentage of gross domestic product (GDP),Total,Euro area - 19 countries  (2015-2022),2018,28.51,p
ESTAT:TPS00098(1.0),07/11/24 23:00:00,Annual,Percentage of gross domestic product (GDP),Total,Euro area - 19 countries  (2015-2022),2019,28.64,p
ESTAT:TPS00098(1.0),07/11/24 23:00:00,Annual,Percentage of gross domestic product (GDP),Total,Euro area - 19 countries  (2015-2022),2020,32.57,p
ESTAT:TPS00098(1.0),07/11/24 23:00:00,Annual,Percentage of gross domestic product (GDP),Total,Euro area - 19 countries  (2015-2022),2021,30.75,p
ESTAT:TPS00098(1.0),07/11/24 23:00:00,Annual,Percentage of gross domestic product (GDP),Total,Euro area - 19 countries  (2015-2022),2022,28.99,p
ESTAT:TPS00098(1.0),07/11/24 23:00:00,Annual,Percentage of gross domestic product (GDP),Total,Euro area – 20 countries (from 2023),2011,28.76,
ESTAT:TPS00098(1.0),07/11/24 23:00:00,Annual,Percentage of gross domestic product (GDP),Total,Euro area – 20 countries (from 2023),2012,29.21,
ESTAT:TPS00098(1.0),07/11/24 23:00:00,Annual,Percentage of gross domestic product (GDP),Total,Euro area – 20 countries (from 2023),2013,29.53,
ESTAT:TPS00098(1.0),07/11/24 23:00:00,Annual,Percentage of gross domestic product (GDP),Total,Euro area – 20 countries (from 2023),2014,29.44,
ESTAT:TPS00098(1.0),07/11/24 23:00:00,Annual,Percentage of gross domestic product (GDP),Total,Euro area – 20 countries (from 2023),2015,29.11,
ESTAT:TPS00098(1.0),07/11/24 23:00:00,Annual,Percentage of gross domestic product (GDP),Total,Euro area – 20 countries (from 2023),2016,28.95,
ESTAT:TPS00098(1.0),07/11/24 23:00:00,Annual,Percentage of gross domestic product (GDP),Total,Euro area – 20 countries (from 2023),2017,28.59,p
ESTAT:TPS00098(1.0),07/11/24 23:00:00,Annual,Percentage of gross domestic product (GDP),Total,Euro area – 20 countries (from 2023),2018,28.48,p
ESTAT:TPS00098(1.0),07/11/24 23:00:00,Annual,Percentage of gross domestic product (GDP),Total,Euro area – 20 countries (from 2023),2019,28.6,p
ESTAT:TPS00098(1.0),07/11/24 23:00:00,Annual,Percentage of gross domestic product (GDP),Total,Euro area – 20 countries (from 2023),2020,32.53,p
ESTAT:TPS00098(1.0),07/11/24 23:00:00,Annual,Percentage of gross domestic product (GDP),Total,Euro area – 20 countries (from 2023),2021,30.71,p
ESTAT:TPS00098(1.0),07/11/24 23:00:00,Annual,Percentage of gross domestic product (GDP),Total,Euro area – 20 countries (from 2023),2022,28.95,p
ESTAT:TPS00098(1.0),07/11/24 23:00:00,Annual,Percentage of gross domestic product (GDP),Total,Estonia,2011,15.55,
ESTAT:TPS00098(1.0),07/11/24 23:00:00,Annual,Percentage of gross domestic product (GDP),Total,Estonia,2012,14.88,
ESTAT:TPS00098(1.0),07/11/24 23:00:00,Annual,Percentage of gross domestic product (GDP),Total,Estonia,2013,14.66,
ESTAT:TPS00098(1.0),07/11/24 23:00:00,Annual,Percentage of gross domestic product (GDP),Total,Estonia,2014,14.67,
ESTAT:TPS00098(1.0),07/11/24 23:00:00,Annual,Percentage of gross domestic product (GDP),Total,Estonia,2015,15.83,
ESTAT:TPS00098(1.0),07/11/24 23:00:00,Annual,Percentage of gross domestic product (GDP),Total,Estonia,2016,16.23,
ESTAT:TPS00098(1.0),07/11/24 23:00:00,Annual,Percentage of gross domestic product (GDP),Total,Estonia,2017,15.64,
ESTAT:TPS00098(1.0),07/11/24 23:00:00,Annual,Percentage of gross domestic product (GDP),Total,Estonia,2018,16.04,
ESTAT:TPS00098(1.0),07/11/24 23:00:00,Annual,Percentage of gross domestic product (GDP),Total,Estonia,2019,16.11,
ESTAT:TPS00098(1.0),07/11/24 23:00:00,Annual,Percentage of gross domestic product (GDP),Total,Estonia,2020,18.95,
ESTAT:TPS00098(1.0),07/11/24 23:00:00,Annual,Percentage of gross domestic product (GDP),Total,Estonia,2021,17.24,
ESTAT:TPS00098(1.0),07/11/24 23:00:00,Annual,Percentage of gross domestic product (GDP),Total,Estonia,2022,15.74,
ESTAT:TPS00098(1.0),07/11/24 23:00:00,Annual,Percentage of gross domestic product (GDP),Total,Greece,2011,27.86,
ESTAT:TPS00098(1.0),07/11/24 23:00:00,Annual,Percentage of gross domestic product (GDP),Total,Greece,2012,28.58,
ESTAT:TPS00098(1.0),07/11/24 23:00:00,Annual,Percentage of gross domestic product (GDP),Total,Greece,2013,26.64,
ESTAT:TPS00098(1.0),07/11/24 23:00:00,Annual,Percentage of gross domestic product (GDP),Total,Greece,2014,26.07,
ESTAT:TPS00098(1.0),07/11/24 23:00:00,Annual,Percentage of gross domestic product (GDP),Total,Greece,2015,26.28,
ESTAT:TPS00098(1.0),07/11/24 23:00:00,Annual,Percentage of gross domestic product (GDP),Total,Greece,2016,26.59,
ESTAT:TPS00098(1.0),07/11/24 23:00:00,Annual,Percentage of gross domestic product (GDP),Total,Greece,2017,25.68,p
ESTAT:TPS00098(1.0),07/11/24 23:00:00,Annual,Percentage of gross domestic product (GDP),Total,Greece,2018,25.48,p
ESTAT:TPS00098(1.0),07/11/24 23:00:00,Annual,Percentage of gross domestic product (GDP),Total,Greece,2019,25.44,p
ESTAT:TPS00098(1.0),07/11/24 23:00:00,Annual,Percentage of gross domestic product (GDP),Total,Greece,2020,29.5,p
ESTAT:TPS00098(1.0),07/11/24 23:00:00,Annual,Percentage of gross domestic product (GDP),Total,Greece,2021,27.08,p
ESTAT:TPS00098(1.0),07/11/24 23:00:00,Annual,Percentage of gross domestic product (GDP),Total,Greece,2022,24.29,p
ESTAT:TPS00098(1.0),07/11/24 23:00:00,Annual,Percentage of gross domestic product (GDP),Total,Spain,2011,25.37,
ESTAT:TPS00098(1.0),07/11/24 23:00:00,Annual,Percentage of gross domestic product (GDP),Total,Spain,2012,25.57,
ESTAT:TPS00098(1.0),07/11/24 23:00:00,Annual,Percentage of gross domestic product (GDP),Total,Spain,2013,25.82,
ESTAT:TPS00098(1.0),07/11/24 23:00:00,Annual,Percentage of gross domestic product (GDP),Total,Spain,2014,25.36,
ESTAT:TPS00098(1.0),07/11/24 23:00:00,Annual,Percentage of gross domestic product (GDP),Total,Spain,2015,24.49,
ESTAT:TPS00098(1.0),07/11/24 23:00:00,Annual,Percentage of gross domestic product (GDP),Total,Spain,2016,23.65,
ESTAT:TPS00098(1.0),07/11/24 23:00:00,Annual,Percentage of gross domestic product (GDP),Total,Spain,2017,23.27,
ESTAT:TPS00098(1.0),07/11/24 23:00:00,Annual,Percentage of gross domestic product (GDP),Total,Spain,2018,23.42,
ESTAT:TPS00098(1.0),07/11/24 23:00:00,Annual,Percentage of gross domestic product (GDP),Total,Spain,2019,23.95,p
ESTAT:TPS00098(1.0),07/11/24 23:00:00,Annual,Percentage of gross domestic product (GDP),Total,Spain,2020,29.78,p
ESTAT:TPS00098(1.0),07/11/24 23:00:00,Annual,Percentage of gross domestic product (GDP),Total,Spain,2021,27.78,
ESTAT:TPS00098(1.0),07/11/24 23:00:00,Annual,Percentage of gross domestic product (GDP),Total,Spain,2022,25.87,
ESTAT:TPS00098(1.0),07/11/24 23:00:00,Annual,Percentage of gross domestic product (GDP),Total,European Union - 27 countries (from 2020),2011,28.11,
ESTAT:TPS00098(1.0),07/11/24 23:00:00,Annual,Percentage of gross domestic product (GDP),Total,European Union - 27 countries (from 2020),2012,28.54,
ESTAT:TPS00098(1.0),07/11/24 23:00:00,Annual,Percentage of gross domestic product (GDP),Total,European Union - 27 countries (from 2020),2013,28.9,
ESTAT:TPS00098(1.0),07/11/24 23:00:00,Annual,Percentage of gross domestic product (GDP),Total,European Union - 27 countries (from 2020),2014,28.76,
ESTAT:TPS00098(1.0),07/11/24 23:00:00,Annual,Percentage of gross domestic product (GDP),Total,European Union - 27 countries (from 2020),2015,28.4,b
ESTAT:TPS00098(1.0),07/11/24 23:00:00,Annual,Percentage of gross domestic product (GDP),Total,European Union - 27 countries (from 2020),2016,28.31,
ESTAT:TPS00098(1.0),07/11/24 23:00:00,Annual,Percentage of gross domestic product (GDP),Total,European Union - 27 countries (from 2020),2017,27.89,p
ESTAT:TPS00098(1.0),07/11/24 23:00:00,Annual,Percentage of gross domestic product (GDP),Total,European Union - 27 countries (from 2020),2018,27.71,p
ESTAT:TPS00098(1.0),07/11/24 23:00:00,Annual,Percentage of gross domestic product (GDP),Total,European Union - 27 countries (from 2020),2019,27.81,p
ESTAT:TPS00098(1.0),07/11/24 23:00:00,Annual,Percentage of gross domestic product (GDP),Total,European Union - 27 countries (from 2020),2020,31.47,p
ESTAT:TPS00098(1.0),07/11/24 23:00:00,Annual,Percentage of gross domestic product (GDP),Total,European Union - 27 countries (from 2020),2021,29.73,p
ESTAT:TPS00098(1.0),07/11/24 23:00:00,Annual,Percentage of gross domestic product (GDP),Total,European Union - 27 countries (from 2020),2022,27.98,p
ESTAT:TPS00098(1.0),07/11/24 23:00:00,Annual,Percentage of gross domestic product (GDP),Total,Finland,2011,28.76,
ESTAT:TPS00098(1.0),07/11/24 23:00:00,Annual,Percentage of gross domestic product (GDP),Total,Finland,2012,30.02,
ESTAT:TPS00098(1.0),07/11/24 23:00:00,Annual,Percentage of gross domestic product (GDP),Total,Finland,2013,31.11,
ESTAT:TPS00098(1.0),07/11/24 23:00:00,Annual,Percentage of gross domestic product (GDP),Total,Finland,2014,31.84,
ESTAT:TPS00098(1.0),07/11/24 23:00:00,Annual,Percentage of gross domestic product (GDP),Total,Finland,2015,31.96,
ESTAT:TPS00098(1.0),07/11/24 23:00:00,Annual,Percentage of gross domestic product (GDP),Total,Finland,2016,31.91,
ESTAT:TPS00098(1.0),07/11/24 23:00:00,Annual,Percentage of gross domestic product (GDP),Total,Finland,2017,30.75,
ESTAT:TPS00098(1.0),07/11/24 23:00:00,Annual,Percentage of gross domestic product (GDP),Total,Finland,2018,30.28,
ESTAT:TPS00098(1.0),07/11/24 23:00:00,Annual,Percentage of gross domestic product (GDP),Total,Finland,2019,30.24,
ESTAT:TPS00098(1.0),07/11/24 23:00:00,Annual,Percentage of gross domestic product (GDP),Total,Finland,2020,32.1,
ESTAT:TPS00098(1.0),07/11/24 23:00:00,Annual,Percentage of gross domestic product (GDP),Total,Finland,2021,31.29,
ESTAT:TPS00098(1.0),07/11/24 23:00:00,Annual,Percentage of gross domestic product (GDP),Total,Finland,2022,30.08,
ESTAT:TPS00098(1.0),07/11/24 23:00:00,Annual,Percentage of gross domestic product (GDP),Total,France,2011,32.99,
ESTAT:TPS00098(1.0),07/11/24 23:00:00,Annual,Percentage of gross domestic product (GDP),Total,France,2012,33.84,
ESTAT:TPS00098(1.0),07/11/24 23:00:00,Annual,Percentage of gross domestic product (GDP),Total,France,2013,34.17,
ESTAT:TPS00098(1.0),07/11/24 23:00:00,Annual,Percentage of gross domestic product (GDP),Total,France,2014,34.42,
ESTAT:TPS00098(1.0),07/11/24 23:00:00,Annual,Percentage of gross domestic product (GDP),Total,France,2015,34.2,
ESTAT:TPS00098(1.0),07/11/24 23:00:00,Annual,Percentage of gross domestic product (GDP),Total,France,2016,34.32,
ESTAT:TPS00098(1.0),07/11/24 23:00:00,Annual,Percentage of gross domestic product (GDP),Total,France,2017,34.09,
ESTAT:TPS00098(1.0),07/11/24 23:00:00,Annual,Percentage of gross domestic product (GDP),Total,France,2018,33.82,
ESTAT:TPS00098(1.0),07/11/24 23:00:00,Annual,Percentage of gross domestic product (GDP),Total,France,2019,33.48,
ESTAT:TPS00098(1.0),07/11/24 23:00:00,Annual,Percentage of gross domestic product (GDP),Total,France,2020,38,
ESTAT:TPS00098(1.0),07/11/24 23:00:00,Annual,Percentage of gross domestic product (GDP),Total,France,2021,35.73,p
ESTAT:TPS00098(1.0),07/11/24 23:00:00,Annual,Percentage of gross domestic product (GDP),Total,France,2022,33.98,p
ESTAT:TPS00098(1.0),07/11/24 23:00:00,Annual,Percentage of gross domestic product (GDP),Total,Croatia,2011,20.63,
ESTAT:TPS00098(1.0),07/11/24 23:00:00,Annual,Percentage of gross domestic product (GDP),Total,Croatia,2012,21.19,
ESTAT:TPS00098(1.0),07/11/24 23:00:00,Annual,Percentage of gross domestic product (GDP),Total,Croatia,2013,20.96,
ESTAT:TPS00098(1.0),07/11/24 23:00:00,Annual,Percentage of gross domestic product (GDP),Total,Croatia,2014,21.44,
ESTAT:TPS00098(1.0),07/11/24 23:00:00,Annual,Percentage of gross domestic product (GDP),Total,Croatia,2015,21.38,
ESTAT:TPS00098(1.0),07/11/24 23:00:00,Annual,Percentage of gross domestic product (GDP),Total,Croatia,2016,21.39,
ESTAT:TPS00098(1.0),07/11/24 23:00:00,Annual,Percentage of gross domestic product (GDP),Total,Croatia,2017,21.07,
ESTAT:TPS00098(1.0),07/11/24 23:00:00,Annual,Percentage of gross domestic product (GDP),Total,Croatia,2018,21.07,
ESTAT:TPS00098(1.0),07/11/24 23:00:00,Annual,Percentage of gross domestic product (GDP),Total,Croatia,2019,21.02,
ESTAT:TPS00098(1.0),07/11/24 23:00:00,Annual,Percentage of gross domestic product (GDP),Total,Croatia,2020,23.83,
ESTAT:TPS00098(1.0),07/11/24 23:00:00,Annual,Percentage of gross domestic product (GDP),Total,Croatia,2021,22.23,
ESTAT:TPS00098(1.0),07/11/24 23:00:00,Annual,Percentage of gross domestic product (GDP),Total,Croatia,2022,20.67,
ESTAT:TPS00098(1.0),07/11/24 23:00:00,Annual,Percentage of gross domestic product (GDP),Total,Hungary,2011,21.44,
ESTAT:TPS00098(1.0),07/11/24 23:00:00,Annual,Percentage of gross domestic product (GDP),Total,Hungary,2012,21.13,
ESTAT:TPS00098(1.0),07/11/24 23:00:00,Annual,Percentage of gross domestic product (GDP),Total,Hungary,2013,20.69,
ESTAT:TPS00098(1.0),07/11/24 23:00:00,Annual,Percentage of gross domestic product (GDP),Total,Hungary,2014,19.69,
ESTAT:TPS00098(1.0),07/11/24 23:00:00,Annual,Percentage of gross domestic product (GDP),Total,Hungary,2015,18.96,b
ESTAT:TPS00098(1.0),07/11/24 23:00:00,Annual,Percentage of gross domestic product (GDP),Total,Hungary,2016,18.79,
ESTAT:TPS00098(1.0),07/11/24 23:00:00,Annual,Percentage of gross domestic product (GDP),Total,Hungary,2017,18.18,
ESTAT:TPS00098(1.0),07/11/24 23:00:00,Annual,Percentage of gross domestic product (GDP),Total,Hungary,2018,17.59,
ESTAT:TPS00098(1.0),07/11/24 23:00:00,Annual,Percentage of gross domestic product (GDP),Total,Hungary,2019,16.61,
ESTAT:TPS00098(1.0),07/11/24 23:00:00,Annual,Percentage of gross domestic product (GDP),Total,Hungary,2020,18.3,
ESTAT:TPS00098(1.0),07/11/24 23:00:00,Annual,Percentage of gross domestic product (GDP),Total,Hungary,2021,17.75,
ESTAT:TPS00098(1.0),07/11/24 23:00:00,Annual,Percentage of gross domestic product (GDP),Total,Hungary,2022,16.72,
ESTAT:TPS00098(1.0),07/11/24 23:00:00,Annual,Percentage of gross domestic product (GDP),Total,Ireland,2011,24.26,
ESTAT:TPS00098(1.0),07/11/24 23:00:00,Annual,Percentage of gross domestic product (GDP),Total,Ireland,2012,23.86,
ESTAT:TPS00098(1.0),07/11/24 23:00:00,Annual,Percentage of gross domestic product (GDP),Total,Ireland,2013,22.47,
ESTAT:TPS00098(1.0),07/11/24 23:00:00,Annual,Percentage of gross domestic product (GDP),Total,Ireland,2014,20.67,
ESTAT:TPS00098(1.0),07/11/24 23:00:00,Annual,Percentage of gross domestic product (GDP),Total,Ireland,2015,15.58,
ESTAT:TPS00098(1.0),07/11/24 23:00:00,Annual,Percentage of gross domestic product (GDP),Total,Ireland,2016,15.65,
ESTAT:TPS00098(1.0),07/11/24 23:00:00,Annual,Percentage of gross domestic product (GDP),Total,Ireland,2017,14.54,
ESTAT:TPS00098(1.0),07/11/24 23:00:00,Annual,Percentage of gross domestic product (GDP),Total,Ireland,2018,13.8,
ESTAT:TPS00098(1.0),07/11/24 23:00:00,Annual,Percentage of gross domestic product (GDP),Total,Ireland,2019,13.37,
ESTAT:TPS00098(1.0),07/11/24 23:00:00,Annual,Percentage of gross domestic product (GDP),Total,Ireland,2020,15,
ESTAT:TPS00098(1.0),07/11/24 23:00:00,Annual,Percentage of gross domestic product (GDP),Total,Ireland,2021,13.15,
ESTAT:TPS00098(1.0),07/11/24 23:00:00,Annual,Percentage of gross domestic product (GDP),Total,Ireland,2022,11.42,
ESTAT:TPS00098(1.0),07/11/24 23:00:00,Annual,Percentage of gross domestic product (GDP),Total,Iceland,2011,23.07,
ESTAT:TPS00098(1.0),07/11/24 23:00:00,Annual,Percentage of gross domestic product (GDP),Total,Iceland,2012,22.82,
ESTAT:TPS00098(1.0),07/11/24 23:00:00,Annual,Percentage of gross domestic product (GDP),Total,Iceland,2013,22.49,
ESTAT:TPS00098(1.0),07/11/24 23:00:00,Annual,Percentage of gross domestic product (GDP),Total,Iceland,2014,22.96,
ESTAT:TPS00098(1.0),07/11/24 23:00:00,Annual,Percentage of gross domestic product (GDP),Total,Iceland,2015,22.07,
ESTAT:TPS00098(1.0),07/11/24 23:00:00,Annual,Percentage of gross domestic product (GDP),Total,Iceland,2016,22.13,
ESTAT:TPS00098(1.0),07/11/24 23:00:00,Annual,Percentage of gross domestic product (GDP),Total,Iceland,2017,23.39,
ESTAT:TPS00098(1.0),07/11/24 23:00:00,Annual,Percentage of gross domestic product (GDP),Total,Iceland,2018,23.97,
ESTAT:TPS00098(1.0),07/11/24 23:00:00,Annual,Percentage of gross domestic product (GDP),Total,Iceland,2019,25.05,
ESTAT:TPS00098(1.0),07/11/24 23:00:00,Annual,Percentage of gross domestic product (GDP),Total,Iceland,2020,30.49,
ESTAT:TPS00098(1.0),07/11/24 23:00:00,Annual,Percentage of gross domestic product (GDP),Total,Iceland,2021,29.29,
ESTAT:TPS00098(1.0),07/11/24 23:00:00,Annual,Percentage of gross domestic product (GDP),Total,Iceland,2022,25.84,
ESTAT:TPS00098(1.0),07/11/24 23:00:00,Annual,Percentage of gross domestic product (GDP),Total,Italy,2011,27.93,
ESTAT:TPS00098(1.0),07/11/24 23:00:00,Annual,Percentage of gross domestic product (GDP),Total,Italy,2012,28.71,
ESTAT:TPS00098(1.0),07/11/24 23:00:00,Annual,Percentage of gross domestic product (GDP),Total,Italy,2013,29.29,
ESTAT:TPS00098(1.0),07/11/24 23:00:00,Annual,Percentage of gross domestic product (GDP),Total,Italy,2014,29.49,
ESTAT:TPS00098(1.0),07/11/24 23:00:00,Annual,Percentage of gross domestic product (GDP),Total,Italy,2015,29.54,
ESTAT:TPS00098(1.0),07/11/24 23:00:00,Annual,Percentage of gross domestic product (GDP),Total,Italy,2016,29.01,
ESTAT:TPS00098(1.0),07/11/24 23:00:00,Annual,Percentage of gross domestic product (GDP),Total,Italy,2017,28.73,
ESTAT:TPS00098(1.0),07/11/24 23:00:00,Annual,Percentage of gross domestic product (GDP),Total,Italy,2018,28.74,
ESTAT:TPS00098(1.0),07/11/24 23:00:00,Annual,Percentage of gross domestic product (GDP),Total,Italy,2019,29.09,p
ESTAT:TPS00098(1.0),07/11/24 23:00:00,Annual,Percentage of gross domestic product (GDP),Total,Italy,2020,34.17,p
ESTAT:TPS00098(1.0),07/11/24 23:00:00,Annual,Percentage of gross domestic product (GDP),Total,Italy,2021,31.42,p
ESTAT:TPS00098(1.0),07/11/24 23:00:00,Annual,Percentage of gross domestic product (GDP),Total,Italy,2022,29.77,p
ESTAT:TPS00098(1.0),07/11/24 23:00:00,Annual,Percentage of gross domestic product (GDP),Total,Lithuania,2011,16.99,
ESTAT:TPS00098(1.0),07/11/24 23:00:00,Annual,Percentage of gross domestic product (GDP),Total,Lithuania,2012,16.31,
ESTAT:TPS00098(1.0),07/11/24 23:00:00,Annual,Percentage of gross domestic product (GDP),Total,Lithuania,2013,15.37,
ESTAT:TPS00098(1.0),07/11/24 23:00:00,Annual,Percentage of gross domestic product (GDP),Total,Lithuania,2014,15.33,
ESTAT:TPS00098(1.0),07/11/24 23:00:00,Annual,Percentage of gross domestic product (GDP),Total,Lithuania,2015,15.66,
ESTAT:TPS00098(1.0),07/11/24 23:00:00,Annual,Percentage of gross domestic product (GDP),Total,Lithuania,2016,15.38,
ESTAT:TPS00098(1.0),07/11/24 23:00:00,Annual,Percentage of gross domestic product (GDP),Total,Lithuania,2017,15.08,
ESTAT:TPS00098(1.0),07/11/24 23:00:00,Annual,Percentage of gross domestic product (GDP),Total,Lithuania,2018,15.84,
ESTAT:TPS00098(1.0),07/11/24 23:00:00,Annual,Percentage of gross domestic product (GDP),Total,Lithuania,2019,16.45,
ESTAT:TPS00098(1.0),07/11/24 23:00:00,Annual,Percentage of gross domestic product (GDP),Total,Lithuania,2020,19.46,p
ESTAT:TPS00098(1.0),07/11/24 23:00:00,Annual,Percentage of gross domestic product (GDP),Total,Lithuania,2021,18.47,p
ESTAT:TPS00098(1.0),07/11/24 23:00:00,Annual,Percentage of gross domestic product (GDP),Total,Lithuania,2022,16.59,
ESTAT:TPS00098(1.0),07/11/24 23:00:00,Annual,Percentage of gross domestic product (GDP),Total,Luxembourg,2011,20.89,
ESTAT:TPS00098(1.0),07/11/24 23:00:00,Annual,Percentage of gross domestic product (GDP),Total,Luxembourg,2012,21.24,
ESTAT:TPS00098(1.0),07/11/24 23:00:00,Annual,Percentage of gross domestic product (GDP),Total,Luxembourg,2013,21.36,
ESTAT:TPS00098(1.0),07/11/24 23:00:00,Annual,Percentage of gross domestic product (GDP),Total,Luxembourg,2014,21.12,
ESTAT:TPS00098(1.0),07/11/24 23:00:00,Annual,Percentage of gross domestic product (GDP),Total,Luxembourg,2015,20.67,
ESTAT:TPS00098(1.0),07/11/24 23:00:00,Annual,Percentage of gross domestic product (GDP),Total,Luxembourg,2016,20.33,
ESTAT:TPS00098(1.0),07/11/24 23:00:00,Annual,Percentage of gross domestic product (GDP),Total,Luxembourg,2017,20.98,
ESTAT:TPS00098(1.0),07/11/24 23:00:00,Annual,Percentage of gross domestic product (GDP),Total,Luxembourg,2018,21.41,
ESTAT:TPS00098(1.0),07/11/24 23:00:00,Annual,Percentage of gross domestic product (GDP),Total,Luxembourg,2019,21.74,
ESTAT:TPS00098(1.0),07/11/24 23:00:00,Annual,Percentage of gross domestic product (GDP),Total,Luxembourg,2020,24.25,
ESTAT:TPS00098(1.0),07/11/24 23:00:00,Annual,Percentage of gross domestic product (GDP),Total,Luxembourg,2021,21.89,
ESTAT:TPS00098(1.0),07/11/24 23:00:00,Annual,Percentage of gross domestic product (GDP),Total,Luxembourg,2022,21.95,
ESTAT:TPS00098(1.0),07/11/24 23:00:00,Annual,Percentage of gross domestic product (GDP),Total,Latvia,2011,15.62,
ESTAT:TPS00098(1.0),07/11/24 23:00:00,Annual,Percentage of gross domestic product (GDP),Total,Latvia,2012,14.26,
ESTAT:TPS00098(1.0),07/11/24 23:00:00,Annual,Percentage of gross domestic product (GDP),Total,Latvia,2013,14.61,
ESTAT:TPS00098(1.0),07/11/24 23:00:00,Annual,Percentage of gross domestic product (GDP),Total,Latvia,2014,14.45,
ESTAT:TPS00098(1.0),07/11/24 23:00:00,Annual,Percentage of gross domestic product (GDP),Total,Latvia,2015,14.79,
ESTAT:TPS00098(1.0),07/11/24 23:00:00,Annual,Percentage of gross domestic product (GDP),Total,Latvia,2016,14.93,
ESTAT:TPS00098(1.0),07/11/24 23:00:00,Annual,Percentage of gross domestic product (GDP),Total,Latvia,2017,14.73,
ESTAT:TPS00098(1.0),07/11/24 23:00:00,Annual,Percentage of gross domestic product (GDP),Total,Latvia,2018,15.21,
ESTAT:TPS00098(1.0),07/11/24 23:00:00,Annual,Percentage of gross domestic product (GDP),Total,Latvia,2019,15.62,p
ESTAT:TPS00098(1.0),07/11/24 23:00:00,Annual,Percentage of gross domestic product (GDP),Total,Latvia,2020,17.46,p
ESTAT:TPS00098(1.0),07/11/24 23:00:00,Annual,Percentage of gross domestic product (GDP),Total,Latvia,2021,19.33,p
ESTAT:TPS00098(1.0),07/11/24 23:00:00,Annual,Percentage of gross domestic product (GDP),Total,Latvia,2022,17.73,
ESTAT:TPS00098(1.0),07/11/24 23:00:00,Annual,Percentage of gross domestic product (GDP),Total,Montenegro,2016,18.7,
ESTAT:TPS00098(1.0),07/11/24 23:00:00,Annual,Percentage of gross domestic product (GDP),Total,Montenegro,2017,17.73,
ESTAT:TPS00098(1.0),07/11/24 23:00:00,Annual,Percentage of gross domestic product (GDP),Total,Montenegro,2018,16.66,
ESTAT:TPS00098(1.0),07/11/24 23:00:00,Annual,Percentage of gross domestic product (GDP),Total,Montenegro,2019,16.48,
ESTAT:TPS00098(1.0),07/11/24 23:00:00,Annual,Percentage of gross domestic product (GDP),Total,Montenegro,2020,22.65,
ESTAT:TPS00098(1.0),07/11/24 23:00:00,Annual,Percentage of gross domestic product (GDP),Total,Montenegro,2021,19.15,p
ESTAT:TPS00098(1.0),07/11/24 23:00:00,Annual,Percentage of gross domestic product (GDP),Total,Montenegro,2022,18.63,p
ESTAT:TPS00098(1.0),07/11/24 23:00:00,Annual,Percentage of gross domestic product (GDP),Total,North Macedonia,2015,14.27,
ESTAT:TPS00098(1.0),07/11/24 23:00:00,Annual,Percentage of gross domestic product (GDP),Total,North Macedonia,2016,14.15,
ESTAT:TPS00098(1.0),07/11/24 23:00:00,Annual,Percentage of gross domestic product (GDP),Total,North Macedonia,2017,14.5,
ESTAT:TPS00098(1.0),07/11/24 23:00:00,Annual,Percentage of gross domestic product (GDP),Total,Malta,2011,18.5,
ESTAT:TPS00098(1.0),07/11/24 23:00:00,Annual,Percentage of gross domestic product (GDP),Total,Malta,2012,18.45,
ESTAT:TPS00098(1.0),07/11/24 23:00:00,Annual,Percentage of gross domestic product (GDP),Total,Malta,2013,17.9,
ESTAT:TPS00098(1.0),07/11/24 23:00:00,Annual,Percentage of gross domestic product (GDP),Total,Malta,2014,17.43,
ESTAT:TPS00098(1.0),07/11/24 23:00:00,Annual,Percentage of gross domestic product (GDP),Total,Malta,2015,16.03,
ESTAT:TPS00098(1.0),07/11/24 23:00:00,Annual,Percentage of gross domestic product (GDP),Total,Malta,2016,15.93,
ESTAT:TPS00098(1.0),07/11/24 23:00:00,Annual,Percentage of gross domestic product (GDP),Total,Malta,2017,14.61,
ESTAT:TPS00098(1.0),07/11/24 23:00:00,Annual,Percentage of gross domestic product (GDP),Total,Malta,2018,14.04,
ESTAT:TPS00098(1.0),07/11/24 23:00:00,Annual,Percentage of gross domestic product (GDP),Total,Malta,2019,14.21,
ESTAT:TPS00098(1.0),07/11/24 23:00:00,Annual,Percentage of gross domestic product (GDP),Total,Malta,2020,18.29,
ESTAT:TPS00098(1.0),07/11/24 23:00:00,Annual,Percentage of gross domestic product (GDP),Total,Malta,2021,16.48,
ESTAT:TPS00098(1.0),07/11/24 23:00:00,Annual,Percentage of gross domestic product (GDP),Total,Malta,2022,14.21,
ESTAT:TPS00098(1.0),07/11/24 23:00:00,Annual,Percentage of gross domestic product (GDP),Total,Netherlands,2011,30.59,
ESTAT:TPS00098(1.0),07/11/24 23:00:00,Annual,Percentage of gross domestic product (GDP),Total,Netherlands,2012,31.15,
ESTAT:TPS00098(1.0),07/11/24 23:00:00,Annual,Percentage of gross domestic product (GDP),Total,Netherlands,2013,31.29,
ESTAT:TPS00098(1.0),07/11/24 23:00:00,Annual,Percentage of gross domestic product (GDP),Total,Netherlands,2014,30.96,
ESTAT:TPS00098(1.0),07/11/24 23:00:00,Annual,Percentage of gross domestic product (GDP),Total,Netherlands,2015,29.92,
ESTAT:TPS00098(1.0),07/11/24 23:00:00,Annual,Percentage of gross domestic product (GDP),Total,Netherlands,2016,29.4,
ESTAT:TPS00098(1.0),07/11/24 23:00:00,Annual,Percentage of gross domestic product (GDP),Total,Netherlands,2017,28.82,
ESTAT:TPS00098(1.0),07/11/24 23:00:00,Annual,Percentage of gross domestic product (GDP),Total,Netherlands,2018,28.38,
ESTAT:TPS00098(1.0),07/11/24 23:00:00,Annual,Percentage of gross domestic product (GDP),Total,Netherlands,2019,28.19,
ESTAT:TPS00098(1.0),07/11/24 23:00:00,Annual,Percentage of gross domestic product (GDP),Total,Netherlands,2020,31.99,
ESTAT:TPS00098(1.0),07/11/24 23:00:00,Annual,Percentage of gross domestic product (GDP),Total,Netherlands,2021,30.11,
ESTAT:TPS00098(1.0),07/11/24 23:00:00,Annual,Percentage of gross domestic product (GDP),Total,Netherlands,2022,27.12,
ESTAT:TPS00098(1.0),07/11/24 23:00:00,Annual,Percentage of gross domestic product (GDP),Total,Norway,2011,24.07,
ESTAT:TPS00098(1.0),07/11/24 23:00:00,Annual,Percentage of gross domestic product (GDP),Total,Norway,2012,23.85,
ESTAT:TPS00098(1.0),07/11/24 23:00:00,Annual,Percentage of gross domestic product (GDP),Total,Norway,2013,24.38,
ESTAT:TPS00098(1.0),07/11/24 23:00:00,Annual,Percentage of gross domestic product (GDP),Total,Norway,2014,25.24,
ESTAT:TPS00098(1.0),07/11/24 23:00:00,Annual,Percentage of gross domestic product (GDP),Total,Norway,2015,27.07,
ESTAT:TPS00098(1.0),07/11/24 23:00:00,Annual,Percentage of gross domestic product (GDP),Total,Norway,2016,28.38,
ESTAT:TPS00098(1.0),07/11/24 23:00:00,Annual,Percentage of gross domestic product (GDP),Total,Norway,2017,27.6,
ESTAT:TPS00098(1.0),07/11/24 23:00:00,Annual,Percentage of gross domestic product (GDP),Total,Norway,2018,26.53,
ESTAT:TPS00098(1.0),07/11/24 23:00:00,Annual,Percentage of gross domestic product (GDP),Total,Norway,2019,27.59,
ESTAT:TPS00098(1.0),07/11/24 23:00:00,Annual,Percentage of gross domestic product (GDP),Total,Norway,2020,30.71,
ESTAT:TPS00098(1.0),07/11/24 23:00:00,Annual,Percentage of gross domestic product (GDP),Total,Norway,2021,25.9,
ESTAT:TPS00098(1.0),07/11/24 23:00:00,Annual,Percentage of gross domestic product (GDP),Total,Norway,2022,20.54,
ESTAT:TPS00098(1.0),07/11/24 23:00:00,Annual,Percentage of gross domestic product (GDP),Total,Poland,2011,18.86,
ESTAT:TPS00098(1.0),07/11/24 23:00:00,Annual,Percentage of gross domestic product (GDP),Total,Poland,2012,19.07,
ESTAT:TPS00098(1.0),07/11/24 23:00:00,Annual,Percentage of gross domestic product (GDP),Total,Poland,2013,19.89,
ESTAT:TPS00098(1.0),07/11/24 23:00:00,Annual,Percentage of gross domestic product (GDP),Total,Poland,2014,19.53,
ESTAT:TPS00098(1.0),07/11/24 23:00:00,Annual,Percentage of gross domestic product (GDP),Total,Poland,2015,19.42,
ESTAT:TPS00098(1.0),07/11/24 23:00:00,Annual,Percentage of gross domestic product (GDP),Total,Poland,2016,21.09,
ESTAT:TPS00098(1.0),07/11/24 23:00:00,Annual,Percentage of gross domestic product (GDP),Total,Poland,2017,20.32,
ESTAT:TPS00098(1.0),07/11/24 23:00:00,Annual,Percentage of gross domestic product (GDP),Total,Poland,2018,19.67,
ESTAT:TPS00098(1.0),07/11/24 23:00:00,Annual,Percentage of gross domestic product (GDP),Total,Poland,2019,21.19,
ESTAT:TPS00098(1.0),07/11/24 23:00:00,Annual,Percentage of gross domestic product (GDP),Total,Poland,2020,23.65,
ESTAT:TPS00098(1.0),07/11/24 23:00:00,Annual,Percentage of gross domestic product (GDP),Total,Poland,2021,22.87,
ESTAT:TPS00098(1.0),07/11/24 23:00:00,Annual,Percentage of gross domestic product (GDP),Total,Poland,2022,21.12,
ESTAT:TPS00098(1.0),07/11/24 23:00:00,Annual,Percentage of gross domestic product (GDP),Total,Portugal,2011,25.74,
ESTAT:TPS00098(1.0),07/11/24 23:00:00,Annual,Percentage of gross domestic product (GDP),Total,Portugal,2012,26.36,
ESTAT:TPS00098(1.0),07/11/24 23:00:00,Annual,Percentage of gross domestic product (GDP),Total,Portugal,2013,27.55,
ESTAT:TPS00098(1.0),07/11/24 23:00:00,Annual,Percentage of gross domestic product (GDP),Total,Portugal,2014,26.85,
ESTAT:TPS00098(1.0),07/11/24 23:00:00,Annual,Percentage of gross domestic product (GDP),Total,Portugal,2015,25.75,
ESTAT:TPS00098(1.0),07/11/24 23:00:00,Annual,Percentage of gross domestic product (GDP),Total,Portugal,2016,25.1,
ESTAT:TPS00098(1.0),07/11/24 23:00:00,Annual,Percentage of gross domestic product (GDP),Total,Portugal,2017,24.68,
ESTAT:TPS00098(1.0),07/11/24 23:00:00,Annual,Percentage of gross domestic product (GDP),Total,Portugal,2018,24.03,
ESTAT:TPS00098(1.0),07/11/24 23:00:00,Annual,Percentage of gross domestic product (GDP),Total,Portugal,2019,23.99,
ESTAT:TPS00098(1.0),07/11/24 23:00:00,Annual,Percentage of gross domestic product (GDP),Total,Portugal,2020,27.43,
ESTAT:TPS00098(1.0),07/11/24 23:00:00,Annual,Percentage of gross domestic product (GDP),Total,Portugal,2021,26.78,
ESTAT:TPS00098(1.0),07/11/24 23:00:00,Annual,Percentage of gross domestic product (GDP),Total,Portugal,2022,24.67,
ESTAT:TPS00098(1.0),07/11/24 23:00:00,Annual,Percentage of gross domestic product (GDP),Total,Romania,2011,15.78,
ESTAT:TPS00098(1.0),07/11/24 23:00:00,Annual,Percentage of gross domestic product (GDP),Total,Romania,2012,14.72,
ESTAT:TPS00098(1.0),07/11/24 23:00:00,Annual,Percentage of gross domestic product (GDP),Total,Romania,2013,15.01,
ESTAT:TPS00098(1.0),07/11/24 23:00:00,Annual,Percentage of gross domestic product (GDP),Total,Romania,2014,14.74,
ESTAT:TPS00098(1.0),07/11/24 23:00:00,Annual,Percentage of gross domestic product (GDP),Total,Romania,2015,14.58,
ESTAT:TPS00098(1.0),07/11/24 23:00:00,Annual,Percentage of gross domestic product (GDP),Total,Romania,2016,14.87,
ESTAT:TPS00098(1.0),07/11/24 23:00:00,Annual,Percentage of gross domestic product (GDP),Total,Romania,2017,14.88,
ESTAT:TPS00098(1.0),07/11/24 23:00:00,Annual,Percentage of gross domestic product (GDP),Total,Romania,2018,14.9,
ESTAT:TPS00098(1.0),07/11/24 23:00:00,Annual,Percentage of gross domestic product (GDP),Total,Romania,2019,15.22,
ESTAT:TPS00098(1.0),07/11/24 23:00:00,Annual,Percentage of gross domestic product (GDP),Total,Romania,2020,17.71,
ESTAT:TPS00098(1.0),07/11/24 23:00:00,Annual,Percentage of gross domestic product (GDP),Total,Romania,2021,16.64,
ESTAT:TPS00098(1.0),07/11/24 23:00:00,Annual,Percentage of gross domestic product (GDP),Total,Romania,2022,16.36,
ESTAT:TPS00098(1.0),07/11/24 23:00:00,Annual,Percentage of gross domestic product (GDP),Total,Serbia,2011,21.43,
ESTAT:TPS00098(1.0),07/11/24 23:00:00,Annual,Percentage of gross domestic product (GDP),Total,Serbia,2012,22.62,
ESTAT:TPS00098(1.0),07/11/24 23:00:00,Annual,Percentage of gross domestic product (GDP),Total,Serbia,2013,21.89,
ESTAT:TPS00098(1.0),07/11/24 23:00:00,Annual,Percentage of gross domestic product (GDP),Total,Serbia,2014,22.01,
ESTAT:TPS00098(1.0),07/11/24 23:00:00,Annual,Percentage of gross domestic product (GDP),Total,Serbia,2015,20.67,
ESTAT:TPS00098(1.0),07/11/24 23:00:00,Annual,Percentage of gross domestic product (GDP),Total,Serbia,2016,20.28,
ESTAT:TPS00098(1.0),07/11/24 23:00:00,Annual,Percentage of gross domestic product (GDP),Total,Serbia,2017,19.44,
ESTAT:TPS00098(1.0),07/11/24 23:00:00,Annual,Percentage of gross domestic product (GDP),Total,Serbia,2018,19.42,
ESTAT:TPS00098(1.0),07/11/24 23:00:00,Annual,Percentage of gross domestic product (GDP),Total,Serbia,2019,19.49,
ESTAT:TPS00098(1.0),07/11/24 23:00:00,Annual,Percentage of gross domestic product (GDP),Total,Serbia,2020,21.92,
ESTAT:TPS00098(1.0),07/11/24 23:00:00,Annual,Percentage of gross domestic product (GDP),Total,Serbia,2021,20.19,
ESTAT:TPS00098(1.0),07/11/24 23:00:00,Annual,Percentage of gross domestic product (GDP),Total,Serbia,2022,19.48,
ESTAT:TPS00098(1.0),07/11/24 23:00:00,Annual,Percentage of gross domestic product (GDP),Total,Sweden,2011,28.12,
ESTAT:TPS00098(1.0),07/11/24 23:00:00,Annual,Percentage of gross domestic product (GDP),Total,Sweden,2012,29.16,
ESTAT:TPS00098(1.0),07/11/24 23:00:00,Annual,Percentage of gross domestic product (GDP),Total,Sweden,2013,29.95,
ESTAT:TPS00098(1.0),07/11/24 23:00:00,Annual,Percentage of gross domestic product (GDP),Total,Sweden,2014,29.55,
ESTAT:TPS00098(1.0),07/11/24 23:00:00,Annual,Percentage of gross domestic product (GDP),Total,Sweden,2015,29.14,
ESTAT:TPS00098(1.0),07/11/24 23:00:00,Annual,Percentage of gross domestic product (GDP),Total,Sweden,2016,29.48,
ESTAT:TPS00098(1.0),07/11/24 23:00:00,Annual,Percentage of gross domestic product (GDP),Total,Sweden,2017,28.99,
ESTAT:TPS00098(1.0),07/11/24 23:00:00,Annual,Percentage of gross domestic product (GDP),Total,Sweden,2018,28.53,
ESTAT:TPS00098(1.0),07/11/24 23:00:00,Annual,Percentage of gross domestic product (GDP),Total,Sweden,2019,27.86,
ESTAT:TPS00098(1.0),07/11/24 23:00:00,Annual,Percentage of gross domestic product (GDP),Total,Sweden,2020,29.47,p
ESTAT:TPS00098(1.0),07/11/24 23:00:00,Annual,Percentage of gross domestic product (GDP),Total,Sweden,2021,27.96,p
ESTAT:TPS00098(1.0),07/11/24 23:00:00,Annual,Percentage of gross domestic product (GDP),Total,Sweden,2022,27.23,p
ESTAT:TPS00098(1.0),07/11/24 23:00:00,Annual,Percentage of gross domestic product (GDP),Total,Slovenia,2011,24.61,
ESTAT:TPS00098(1.0),07/11/24 23:00:00,Annual,Percentage of gross domestic product (GDP),Total,Slovenia,2012,24.95,
ESTAT:TPS00098(1.0),07/11/24 23:00:00,Annual,Percentage of gross domestic product (GDP),Total,Slovenia,2013,24.86,
ESTAT:TPS00098(1.0),07/11/24 23:00:00,Annual,Percentage of gross domestic product (GDP),Total,Slovenia,2014,24.12,
ESTAT:TPS00098(1.0),07/11/24 23:00:00,Annual,Percentage of gross domestic product (GDP),Total,Slovenia,2015,23.98,
ESTAT:TPS00098(1.0),07/11/24 23:00:00,Annual,Percentage of gross domestic product (GDP),Total,Slovenia,2016,23.49,
ESTAT:TPS00098(1.0),07/11/24 23:00:00,Annual,Percentage of gross domestic product (GDP),Total,Slovenia,2017,22.82,
ESTAT:TPS00098(1.0),07/11/24 23:00:00,Annual,Percentage of gross domestic product (GDP),Total,Slovenia,2018,22.4,
ESTAT:TPS00098(1.0),07/11/24 23:00:00,Annual,Percentage of gross domestic product (GDP),Total,Slovenia,2019,22.43,
ESTAT:TPS00098(1.0),07/11/24 23:00:00,Annual,Percentage of gross domestic product (GDP),Total,Slovenia,2020,26.38,p
ESTAT:TPS00098(1.0),07/11/24 23:00:00,Annual,Percentage of gross domestic product (GDP),Total,Slovenia,2021,25.24,p
ESTAT:TPS00098(1.0),07/11/24 23:00:00,Annual,Percentage of gross domestic product (GDP),Total,Slovenia,2022,24.25,
ESTAT:TPS00098(1.0),07/11/24 23:00:00,Annual,Percentage of gross domestic product (GDP),Total,Slovakia,2011,17.54,
ESTAT:TPS00098(1.0),07/11/24 23:00:00,Annual,Percentage of gross domestic product (GDP),Total,Slovakia,2012,17.77,
ESTAT:TPS00098(1.0),07/11/24 23:00:00,Annual,Percentage of gross domestic product (GDP),Total,Slovakia,2013,18.22,
ESTAT:TPS00098(1.0),07/11/24 23:00:00,Annual,Percentage of gross domestic product (GDP),Total,Slovakia,2014,18.41,
ESTAT:TPS00098(1.0),07/11/24 23:00:00,Annual,Percentage of gross domestic product (GDP),Total,Slovakia,2015,17.93,
ESTAT:TPS00098(1.0),07/11/24 23:00:00,Annual,Percentage of gross domestic product (GDP),Total,Slovakia,2016,18.34,
ESTAT:TPS00098(1.0),07/11/24 23:00:00,Annual,Percentage of gross domestic product (GDP),Total,Slovakia,2017,18.17,
ESTAT:TPS00098(1.0),07/11/24 23:00:00,Annual,Percentage of gross domestic product (GDP),Total,Slovakia,2018,17.9,
ESTAT:TPS00098(1.0),07/11/24 23:00:00,Annual,Percentage of gross domestic product (GDP),Total,Slovakia,2019,17.84,
ESTAT:TPS00098(1.0),07/11/24 23:00:00,Annual,Percentage of gross domestic product (GDP),Total,Slovakia,2020,19.58,
ESTAT:TPS00098(1.0),07/11/24 23:00:00,Annual,Percentage of gross domestic product (GDP),Total,Slovakia,2021,19.36,
ESTAT:TPS00098(1.0),07/11/24 23:00:00,Annual,Percentage of gross domestic product (GDP),Total,Slovakia,2022,18.23,
ESTAT:TPS00098(1.0),07/11/24 23:00:00,Annual,Percentage of gross domestic product (GDP),Total,Türkiye,2011,12.22,
ESTAT:TPS00098(1.0),07/11/24 23:00:00,Annual,Percentage of gross domestic product (GDP),Total,Türkiye,2012,12.37,e
ESTAT:TPS00098(1.0),07/11/24 23:00:00,Annual,Percentage of gross domestic product (GDP),Total,Türkiye,2013,12.09,
ESTAT:TPS00098(1.0),07/11/24 23:00:00,Annual,Percentage of gross domestic product (GDP),Total,Türkiye,2014,12.03,
ESTAT:TPS00098(1.0),07/11/24 23:00:00,Annual,Percentage of gross domestic product (GDP),Total,Türkiye,2015,11.91,
ESTAT:TPS00098(1.0),07/11/24 23:00:00,Annual,Percentage of gross domestic product (GDP),Total,Türkiye,2016,12.81,
ESTAT:TPS00098(1.0),07/11/24 23:00:00,Annual,Percentage of gross domestic product (GDP),Total,Türkiye,2017,12.21,
ESTAT:TPS00098(1.0),07/11/24 23:00:00,Annual,Percentage of gross domestic product (GDP),Total,Türkiye,2018,11.93,
ESTAT:TPS00098(1.0),07/11/24 23:00:00,Annual,Percentage of gross domestic product (GDP),Total,Türkiye,2019,12.56,
ESTAT:TPS00098(1.0),07/11/24 23:00:00,Annual,Percentage of gross domestic product (GDP),Total,Türkiye,2020,12.98,
ESTAT:TPS00098(1.0),07/11/24 23:00:00,Annual,Percentage of gross domestic product (GDP),Total,Türkiye,2021,10.86,
ESTAT:TPS00098(1.0),07/11/24 23:00:00,Annual,Percentage of gross domestic product (GDP),Total,Türkiye,2022,8.6,
ESTAT:TPS00098(1.0),07/11/24 23:00:00,Annual,Percentage of gross domestic product (GDP),Total,United Kingdom,2011,28.59,
ESTAT:TPS00098(1.0),07/11/24 23:00:00,Annual,Percentage of gross domestic product (GDP),Total,United Kingdom,2012,28.64,
ESTAT:TPS00098(1.0),07/11/24 23:00:00,Annual,Percentage of gross domestic product (GDP),Total,United Kingdom,2013,28.01,
ESTAT:TPS00098(1.0),07/11/24 23:00:00,Annual,Percentage of gross domestic product (GDP),Total,United Kingdom,2014,27.2,
ESTAT:TPS00098(1.0),07/11/24 23:00:00,Annual,Percentage of gross domestic product (GDP),Total,United Kingdom,2015,27.29,
ESTAT:TPS00098(1.0),07/11/24 23:00:00,Annual,Percentage of gross domestic product (GDP),Total,United Kingdom,2016,25.86,
ESTAT:TPS00098(1.0),07/11/24 23:00:00,Annual,Percentage of gross domestic product (GDP),Total,United Kingdom,2017,26.3,
ESTAT:TPS00098(1.0),07/11/24 23:00:00,Annual,Percentage of gross domestic product (GDP),Total,United Kingdom,2018,25.7,p
