DATAFLOW,LAST UPDATE,freq,age,sex,reason,unit,quantile,geo,TIME_PERIOD,OBS_VALUE,OBS_FLAG
ESTAT:SDG_03_60(1.0),12/12/24 23:00:00,Annual,16 years or over,Total,Too expensive or too far to travel or waiting list,Percentage,Total,Albania,2017,13.1,
ESTAT:SDG_03_60(1.0),12/12/24 23:00:00,Annual,16 years or over,Total,Too expensive or too far to travel or waiting list,Percentage,Total,Albania,2018,14.8,
ESTAT:SDG_03_60(1.0),12/12/24 23:00:00,Annual,16 years or over,Total,Too expensive or too far to travel or waiting list,Percentage,Total,Albania,2019,14.6,
ESTAT:SDG_03_60(1.0),12/12/24 23:00:00,Annual,16 years or over,Total,Too expensive or too far to travel or waiting list,Percentage,Total,Albania,2020,10.6,
ESTAT:SDG_03_60(1.0),12/12/24 23:00:00,Annual,16 years or over,Total,Too expensive or too far to travel or waiting list,Percentage,Total,Albania,2021,10.7,
ESTAT:SDG_03_60(1.0),12/12/24 23:00:00,Annual,16 years or over,Total,Too expensive or too far to travel or waiting list,Percentage,Total,Albania,2022,10.2,
ESTAT:SDG_03_60(1.0),12/12/24 23:00:00,Annual,16 years or over,Total,Too expensive or too far to travel or waiting list,Percentage,Total,Austria,2008,0.7,
ESTAT:SDG_03_60(1.0),12/12/24 23:00:00,Annual,16 years or over,Total,Too expensive or too far to travel or waiting list,Percentage,Total,Austria,2009,0.5,
ESTAT:SDG_03_60(1.0),12/12/24 23:00:00,Annual,16 years or over,Total,Too expensive or too far to travel or waiting list,Percentage,Total,Austria,2010,0.6,
ESTAT:SDG_03_60(1.0),12/12/24 23:00:00,Annual,16 years or over,Total,Too expensive or too far to travel or waiting list,Percentage,Total,Austria,2011,0.4,
ESTAT:SDG_03_60(1.0),12/12/24 23:00:00,Annual,16 years or over,Total,Too expensive or too far to travel or waiting list,Percentage,Total,Austria,2012,0.3,
ESTAT:SDG_03_60(1.0),12/12/24 23:00:00,Annual,16 years or over,Total,Too expensive or too far to travel or waiting list,Percentage,Total,Austria,2013,0.4,
ESTAT:SDG_03_60(1.0),12/12/24 23:00:00,Annual,16 years or over,Total,Too expensive or too far to travel or waiting list,Percentage,Total,Austria,2014,0.1,
ESTAT:SDG_03_60(1.0),12/12/24 23:00:00,Annual,16 years or over,Total,Too expensive or too far to travel or waiting list,Percentage,Total,Austria,2015,0.1,
ESTAT:SDG_03_60(1.0),12/12/24 23:00:00,Annual,16 years or over,Total,Too expensive or too far to travel or waiting list,Percentage,Total,Austria,2016,0.2,
ESTAT:SDG_03_60(1.0),12/12/24 23:00:00,Annual,16 years or over,Total,Too expensive or too far to travel or waiting list,Percentage,Total,Austria,2017,0.2,
ESTAT:SDG_03_60(1.0),12/12/24 23:00:00,Annual,16 years or over,Total,Too expensive or too far to travel or waiting list,Percentage,Total,Austria,2018,0.1,
ESTAT:SDG_03_60(1.0),12/12/24 23:00:00,Annual,16 years or over,Total,Too expensive or too far to travel or waiting list,Percentage,Total,Austria,2019,0.3,
ESTAT:SDG_03_60(1.0),12/12/24 23:00:00,Annual,16 years or over,Total,Too expensive or too far to travel or waiting list,Percentage,Total,Austria,2020,0.1,
ESTAT:SDG_03_60(1.0),12/12/24 23:00:00,Annual,16 years or over,Total,Too expensive or too far to travel or waiting list,Percentage,Total,Austria,2021,0.3,
ESTAT:SDG_03_60(1.0),12/12/24 23:00:00,Annual,16 years or over,Total,Too expensive or too far to travel or waiting list,Percentage,Total,Austria,2022,0.5,
ESTAT:SDG_03_60(1.0),12/12/24 23:00:00,Annual,16 years or over,Total,Too expensive or too far to travel or waiting list,Percentage,Total,Austria,2023,0.6,
ESTAT:SDG_03_60(1.0),12/12/24 23:00:00,Annual,16 years or over,Total,Too expensive or too far to travel or waiting list,Percentage,Total,Belgium,2008,0.5,
ESTAT:SDG_03_60(1.0),12/12/24 23:00:00,Annual,16 years or over,Total,Too expensive or too far to travel or waiting list,Percentage,Total,Belgium,2009,0.6,
ESTAT:SDG_03_60(1.0),12/12/24 23:00:00,Annual,16 years or over,Total,Too expensive or too far to travel or waiting list,Percentage,Total,Belgium,2010,0.4,
ESTAT:SDG_03_60(1.0),12/12/24 23:00:00,Annual,16 years or over,Total,Too expensive or too far to travel or waiting list,Percentage,Total,Belgium,2011,1.5,
ESTAT:SDG_03_60(1.0),12/12/24 23:00:00,Annual,16 years or over,Total,Too expensive or too far to travel or waiting list,Percentage,Total,Belgium,2012,1.7,
ESTAT:SDG_03_60(1.0),12/12/24 23:00:00,Annual,16 years or over,Total,Too expensive or too far to travel or waiting list,Percentage,Total,Belgium,2013,1.9,
ESTAT:SDG_03_60(1.0),12/12/24 23:00:00,Annual,16 years or over,Total,Too expensive or too far to travel or waiting list,Percentage,Total,Belgium,2014,2.5,
ESTAT:SDG_03_60(1.0),12/12/24 23:00:00,Annual,16 years or over,Total,Too expensive or too far to travel or waiting list,Percentage,Total,Belgium,2015,2.4,
ESTAT:SDG_03_60(1.0),12/12/24 23:00:00,Annual,16 years or over,Total,Too expensive or too far to travel or waiting list,Percentage,Total,Belgium,2016,2.5,
ESTAT:SDG_03_60(1.0),12/12/24 23:00:00,Annual,16 years or over,Total,Too expensive or too far to travel or waiting list,Percentage,Total,Belgium,2017,2.2,
ESTAT:SDG_03_60(1.0),12/12/24 23:00:00,Annual,16 years or over,Total,Too expensive or too far to travel or waiting list,Percentage,Total,Belgium,2018,1.8,
ESTAT:SDG_03_60(1.0),12/12/24 23:00:00,Annual,16 years or over,Total,Too expensive or too far to travel or waiting list,Percentage,Total,Belgium,2019,1.8,b
ESTAT:SDG_03_60(1.0),12/12/24 23:00:00,Annual,16 years or over,Total,Too expensive or too far to travel or waiting list,Percentage,Total,Belgium,2020,1.5,
ESTAT:SDG_03_60(1.0),12/12/24 23:00:00,Annual,16 years or over,Total,Too expensive or too far to travel or waiting list,Percentage,Total,Belgium,2021,1.7,
ESTAT:SDG_03_60(1.0),12/12/24 23:00:00,Annual,16 years or over,Total,Too expensive or too far to travel or waiting list,Percentage,Total,Belgium,2022,1.0,
ESTAT:SDG_03_60(1.0),12/12/24 23:00:00,Annual,16 years or over,Total,Too expensive or too far to travel or waiting list,Percentage,Total,Belgium,2023,1.1,
ESTAT:SDG_03_60(1.0),12/12/24 23:00:00,Annual,16 years or over,Total,Too expensive or too far to travel or waiting list,Percentage,Total,Bulgaria,2008,15.3,
ESTAT:SDG_03_60(1.0),12/12/24 23:00:00,Annual,16 years or over,Total,Too expensive or too far to travel or waiting list,Percentage,Total,Bulgaria,2009,10.3,
ESTAT:SDG_03_60(1.0),12/12/24 23:00:00,Annual,16 years or over,Total,Too expensive or too far to travel or waiting list,Percentage,Total,Bulgaria,2010,10.5,
ESTAT:SDG_03_60(1.0),12/12/24 23:00:00,Annual,16 years or over,Total,Too expensive or too far to travel or waiting list,Percentage,Total,Bulgaria,2011,9.8,
ESTAT:SDG_03_60(1.0),12/12/24 23:00:00,Annual,16 years or over,Total,Too expensive or too far to travel or waiting list,Percentage,Total,Bulgaria,2012,8.3,
ESTAT:SDG_03_60(1.0),12/12/24 23:00:00,Annual,16 years or over,Total,Too expensive or too far to travel or waiting list,Percentage,Total,Bulgaria,2013,8.9,
ESTAT:SDG_03_60(1.0),12/12/24 23:00:00,Annual,16 years or over,Total,Too expensive or too far to travel or waiting list,Percentage,Total,Bulgaria,2014,5.6,
ESTAT:SDG_03_60(1.0),12/12/24 23:00:00,Annual,16 years or over,Total,Too expensive or too far to travel or waiting list,Percentage,Total,Bulgaria,2015,4.7,
ESTAT:SDG_03_60(1.0),12/12/24 23:00:00,Annual,16 years or over,Total,Too expensive or too far to travel or waiting list,Percentage,Total,Bulgaria,2016,2.8,
ESTAT:SDG_03_60(1.0),12/12/24 23:00:00,Annual,16 years or over,Total,Too expensive or too far to travel or waiting list,Percentage,Total,Bulgaria,2017,2.1,
ESTAT:SDG_03_60(1.0),12/12/24 23:00:00,Annual,16 years or over,Total,Too expensive or too far to travel or waiting list,Percentage,Total,Bulgaria,2018,1.9,
ESTAT:SDG_03_60(1.0),12/12/24 23:00:00,Annual,16 years or over,Total,Too expensive or too far to travel or waiting list,Percentage,Total,Bulgaria,2019,1.4,
ESTAT:SDG_03_60(1.0),12/12/24 23:00:00,Annual,16 years or over,Total,Too expensive or too far to travel or waiting list,Percentage,Total,Bulgaria,2020,1.4,
ESTAT:SDG_03_60(1.0),12/12/24 23:00:00,Annual,16 years or over,Total,Too expensive or too far to travel or waiting list,Percentage,Total,Bulgaria,2021,1.0,
ESTAT:SDG_03_60(1.0),12/12/24 23:00:00,Annual,16 years or over,Total,Too expensive or too far to travel or waiting list,Percentage,Total,Bulgaria,2022,1.0,
ESTAT:SDG_03_60(1.0),12/12/24 23:00:00,Annual,16 years or over,Total,Too expensive or too far to travel or waiting list,Percentage,Total,Bulgaria,2023,1.1,
ESTAT:SDG_03_60(1.0),12/12/24 23:00:00,Annual,16 years or over,Total,Too expensive or too far to travel or waiting list,Percentage,Total,Switzerland,2008,1.0,
ESTAT:SDG_03_60(1.0),12/12/24 23:00:00,Annual,16 years or over,Total,Too expensive or too far to travel or waiting list,Percentage,Total,Switzerland,2009,1.0,
ESTAT:SDG_03_60(1.0),12/12/24 23:00:00,Annual,16 years or over,Total,Too expensive or too far to travel or waiting list,Percentage,Total,Switzerland,2010,1.1,
ESTAT:SDG_03_60(1.0),12/12/24 23:00:00,Annual,16 years or over,Total,Too expensive or too far to travel or waiting list,Percentage,Total,Switzerland,2011,0.8,
ESTAT:SDG_03_60(1.0),12/12/24 23:00:00,Annual,16 years or over,Total,Too expensive or too far to travel or waiting list,Percentage,Total,Switzerland,2012,1.0,
ESTAT:SDG_03_60(1.0),12/12/24 23:00:00,Annual,16 years or over,Total,Too expensive or too far to travel or waiting list,Percentage,Total,Switzerland,2013,1.2,
ESTAT:SDG_03_60(1.0),12/12/24 23:00:00,Annual,16 years or over,Total,Too expensive or too far to travel or waiting list,Percentage,Total,Switzerland,2014,1.3,
ESTAT:SDG_03_60(1.0),12/12/24 23:00:00,Annual,16 years or over,Total,Too expensive or too far to travel or waiting list,Percentage,Total,Switzerland,2015,0.5,
ESTAT:SDG_03_60(1.0),12/12/24 23:00:00,Annual,16 years or over,Total,Too expensive or too far to travel or waiting list,Percentage,Total,Switzerland,2016,0.5,
ESTAT:SDG_03_60(1.0),12/12/24 23:00:00,Annual,16 years or over,Total,Too expensive or too far to travel or waiting list,Percentage,Total,Switzerland,2017,0.4,
ESTAT:SDG_03_60(1.0),12/12/24 23:00:00,Annual,16 years or over,Total,Too expensive or too far to travel or waiting list,Percentage,Total,Switzerland,2018,0.7,
ESTAT:SDG_03_60(1.0),12/12/24 23:00:00,Annual,16 years or over,Total,Too expensive or too far to travel or waiting list,Percentage,Total,Switzerland,2019,0.7,
ESTAT:SDG_03_60(1.0),12/12/24 23:00:00,Annual,16 years or over,Total,Too expensive or too far to travel or waiting list,Percentage,Total,Switzerland,2020,0.5,
ESTAT:SDG_03_60(1.0),12/12/24 23:00:00,Annual,16 years or over,Total,Too expensive or too far to travel or waiting list,Percentage,Total,Switzerland,2021,0.5,
ESTAT:SDG_03_60(1.0),12/12/24 23:00:00,Annual,16 years or over,Total,Too expensive or too far to travel or waiting list,Percentage,Total,Switzerland,2022,0.8,
ESTAT:SDG_03_60(1.0),12/12/24 23:00:00,Annual,16 years or over,Total,Too expensive or too far to travel or waiting list,Percentage,Total,Switzerland,2023,1.3,
ESTAT:SDG_03_60(1.0),12/12/24 23:00:00,Annual,16 years or over,Total,Too expensive or too far to travel or waiting list,Percentage,Total,Cyprus,2008,2.8,
ESTAT:SDG_03_60(1.0),12/12/24 23:00:00,Annual,16 years or over,Total,Too expensive or too far to travel or waiting list,Percentage,Total,Cyprus,2009,3.4,
ESTAT:SDG_03_60(1.0),12/12/24 23:00:00,Annual,16 years or over,Total,Too expensive or too far to travel or waiting list,Percentage,Total,Cyprus,2010,4.1,
ESTAT:SDG_03_60(1.0),12/12/24 23:00:00,Annual,16 years or over,Total,Too expensive or too far to travel or waiting list,Percentage,Total,Cyprus,2011,4.4,
ESTAT:SDG_03_60(1.0),12/12/24 23:00:00,Annual,16 years or over,Total,Too expensive or too far to travel or waiting list,Percentage,Total,Cyprus,2012,3.5,
ESTAT:SDG_03_60(1.0),12/12/24 23:00:00,Annual,16 years or over,Total,Too expensive or too far to travel or waiting list,Percentage,Total,Cyprus,2013,4.4,
ESTAT:SDG_03_60(1.0),12/12/24 23:00:00,Annual,16 years or over,Total,Too expensive or too far to travel or waiting list,Percentage,Total,Cyprus,2014,4.7,
ESTAT:SDG_03_60(1.0),12/12/24 23:00:00,Annual,16 years or over,Total,Too expensive or too far to travel or waiting list,Percentage,Total,Cyprus,2015,1.5,
ESTAT:SDG_03_60(1.0),12/12/24 23:00:00,Annual,16 years or over,Total,Too expensive or too far to travel or waiting list,Percentage,Total,Cyprus,2016,0.6,
ESTAT:SDG_03_60(1.0),12/12/24 23:00:00,Annual,16 years or over,Total,Too expensive or too far to travel or waiting list,Percentage,Total,Cyprus,2017,1.5,
ESTAT:SDG_03_60(1.0),12/12/24 23:00:00,Annual,16 years or over,Total,Too expensive or too far to travel or waiting list,Percentage,Total,Cyprus,2018,1.4,
ESTAT:SDG_03_60(1.0),12/12/24 23:00:00,Annual,16 years or over,Total,Too expensive or too far to travel or waiting list,Percentage,Total,Cyprus,2019,1.0,
ESTAT:SDG_03_60(1.0),12/12/24 23:00:00,Annual,16 years or over,Total,Too expensive or too far to travel or waiting list,Percentage,Total,Cyprus,2020,0.4,
ESTAT:SDG_03_60(1.0),12/12/24 23:00:00,Annual,16 years or over,Total,Too expensive or too far to travel or waiting list,Percentage,Total,Cyprus,2021,0.1,
ESTAT:SDG_03_60(1.0),12/12/24 23:00:00,Annual,16 years or over,Total,Too expensive or too far to travel or waiting list,Percentage,Total,Cyprus,2022,0.1,
ESTAT:SDG_03_60(1.0),12/12/24 23:00:00,Annual,16 years or over,Total,Too expensive or too far to travel or waiting list,Percentage,Total,Cyprus,2023,0.1,
ESTAT:SDG_03_60(1.0),12/12/24 23:00:00,Annual,16 years or over,Total,Too expensive or too far to travel or waiting list,Percentage,Total,Czechia,2008,0.7,
ESTAT:SDG_03_60(1.0),12/12/24 23:00:00,Annual,16 years or over,Total,Too expensive or too far to travel or waiting list,Percentage,Total,Czechia,2009,0.6,
ESTAT:SDG_03_60(1.0),12/12/24 23:00:00,Annual,16 years or over,Total,Too expensive or too far to travel or waiting list,Percentage,Total,Czechia,2010,1.0,
ESTAT:SDG_03_60(1.0),12/12/24 23:00:00,Annual,16 years or over,Total,Too expensive or too far to travel or waiting list,Percentage,Total,Czechia,2011,1.1,
ESTAT:SDG_03_60(1.0),12/12/24 23:00:00,Annual,16 years or over,Total,Too expensive or too far to travel or waiting list,Percentage,Total,Czechia,2012,1.0,
ESTAT:SDG_03_60(1.0),12/12/24 23:00:00,Annual,16 years or over,Total,Too expensive or too far to travel or waiting list,Percentage,Total,Czechia,2013,1.0,
ESTAT:SDG_03_60(1.0),12/12/24 23:00:00,Annual,16 years or over,Total,Too expensive or too far to travel or waiting list,Percentage,Total,Czechia,2014,1.1,
ESTAT:SDG_03_60(1.0),12/12/24 23:00:00,Annual,16 years or over,Total,Too expensive or too far to travel or waiting list,Percentage,Total,Czechia,2015,0.8,
ESTAT:SDG_03_60(1.0),12/12/24 23:00:00,Annual,16 years or over,Total,Too expensive or too far to travel or waiting list,Percentage,Total,Czechia,2016,0.7,
ESTAT:SDG_03_60(1.0),12/12/24 23:00:00,Annual,16 years or over,Total,Too expensive or too far to travel or waiting list,Percentage,Total,Czechia,2017,0.5,
ESTAT:SDG_03_60(1.0),12/12/24 23:00:00,Annual,16 years or over,Total,Too expensive or too far to travel or waiting list,Percentage,Total,Czechia,2018,0.3,
ESTAT:SDG_03_60(1.0),12/12/24 23:00:00,Annual,16 years or over,Total,Too expensive or too far to travel or waiting list,Percentage,Total,Czechia,2019,0.5,
ESTAT:SDG_03_60(1.0),12/12/24 23:00:00,Annual,16 years or over,Total,Too expensive or too far to travel or waiting list,Percentage,Total,Czechia,2020,0.4,
ESTAT:SDG_03_60(1.0),12/12/24 23:00:00,Annual,16 years or over,Total,Too expensive or too far to travel or waiting list,Percentage,Total,Czechia,2021,0.3,
ESTAT:SDG_03_60(1.0),12/12/24 23:00:00,Annual,16 years or over,Total,Too expensive or too far to travel or waiting list,Percentage,Total,Czechia,2022,0.2,
ESTAT:SDG_03_60(1.0),12/12/24 23:00:00,Annual,16 years or over,Total,Too expensive or too far to travel or waiting list,Percentage,Total,Czechia,2023,0.4,
ESTAT:SDG_03_60(1.0),12/12/24 23:00:00,Annual,16 years or over,Total,Too expensive or too far to travel or waiting list,Percentage,Total,Germany,2008,2.2,
ESTAT:SDG_03_60(1.0),12/12/24 23:00:00,Annual,16 years or over,Total,Too expensive or too far to travel or waiting list,Percentage,Total,Germany,2009,2.1,
ESTAT:SDG_03_60(1.0),12/12/24 23:00:00,Annual,16 years or over,Total,Too expensive or too far to travel or waiting list,Percentage,Total,Germany,2010,1.8,
ESTAT:SDG_03_60(1.0),12/12/24 23:00:00,Annual,16 years or over,Total,Too expensive or too far to travel or waiting list,Percentage,Total,Germany,2011,1.7,
ESTAT:SDG_03_60(1.0),12/12/24 23:00:00,Annual,16 years or over,Total,Too expensive or too far to travel or waiting list,Percentage,Total,Germany,2012,1.6,
ESTAT:SDG_03_60(1.0),12/12/24 23:00:00,Annual,16 years or over,Total,Too expensive or too far to travel or waiting list,Percentage,Total,Germany,2013,1.6,
ESTAT:SDG_03_60(1.0),12/12/24 23:00:00,Annual,16 years or over,Total,Too expensive or too far to travel or waiting list,Percentage,Total,Germany,2014,1.6,
ESTAT:SDG_03_60(1.0),12/12/24 23:00:00,Annual,16 years or over,Total,Too expensive or too far to travel or waiting list,Percentage,Total,Germany,2015,0.5,
ESTAT:SDG_03_60(1.0),12/12/24 23:00:00,Annual,16 years or over,Total,Too expensive or too far to travel or waiting list,Percentage,Total,Germany,2016,0.3,
ESTAT:SDG_03_60(1.0),12/12/24 23:00:00,Annual,16 years or over,Total,Too expensive or too far to travel or waiting list,Percentage,Total,Germany,2017,0.3,
ESTAT:SDG_03_60(1.0),12/12/24 23:00:00,Annual,16 years or over,Total,Too expensive or too far to travel or waiting list,Percentage,Total,Germany,2018,0.2,
ESTAT:SDG_03_60(1.0),12/12/24 23:00:00,Annual,16 years or over,Total,Too expensive or too far to travel or waiting list,Percentage,Total,Germany,2019,0.3,
ESTAT:SDG_03_60(1.0),12/12/24 23:00:00,Annual,16 years or over,Total,Too expensive or too far to travel or waiting list,Percentage,Total,Germany,2020,0.1,b
ESTAT:SDG_03_60(1.0),12/12/24 23:00:00,Annual,16 years or over,Total,Too expensive or too far to travel or waiting list,Percentage,Total,Germany,2021,0.1,
ESTAT:SDG_03_60(1.0),12/12/24 23:00:00,Annual,16 years or over,Total,Too expensive or too far to travel or waiting list,Percentage,Total,Germany,2022,0.3,
ESTAT:SDG_03_60(1.0),12/12/24 23:00:00,Annual,16 years or over,Total,Too expensive or too far to travel or waiting list,Percentage,Total,Germany,2023,0.2,e
ESTAT:SDG_03_60(1.0),12/12/24 23:00:00,Annual,16 years or over,Total,Too expensive or too far to travel or waiting list,Percentage,Total,Denmark,2008,0.6,
ESTAT:SDG_03_60(1.0),12/12/24 23:00:00,Annual,16 years or over,Total,Too expensive or too far to travel or waiting list,Percentage,Total,Denmark,2009,1.5,
ESTAT:SDG_03_60(1.0),12/12/24 23:00:00,Annual,16 years or over,Total,Too expensive or too far to travel or waiting list,Percentage,Total,Denmark,2010,1.1,
ESTAT:SDG_03_60(1.0),12/12/24 23:00:00,Annual,16 years or over,Total,Too expensive or too far to travel or waiting list,Percentage,Total,Denmark,2011,0.9,
ESTAT:SDG_03_60(1.0),12/12/24 23:00:00,Annual,16 years or over,Total,Too expensive or too far to travel or waiting list,Percentage,Total,Denmark,2012,1.3,
ESTAT:SDG_03_60(1.0),12/12/24 23:00:00,Annual,16 years or over,Total,Too expensive or too far to travel or waiting list,Percentage,Total,Denmark,2013,1.3,
ESTAT:SDG_03_60(1.0),12/12/24 23:00:00,Annual,16 years or over,Total,Too expensive or too far to travel or waiting list,Percentage,Total,Denmark,2014,1.4,
ESTAT:SDG_03_60(1.0),12/12/24 23:00:00,Annual,16 years or over,Total,Too expensive or too far to travel or waiting list,Percentage,Total,Denmark,2015,1.3,
ESTAT:SDG_03_60(1.0),12/12/24 23:00:00,Annual,16 years or over,Total,Too expensive or too far to travel or waiting list,Percentage,Total,Denmark,2016,1.3,
ESTAT:SDG_03_60(1.0),12/12/24 23:00:00,Annual,16 years or over,Total,Too expensive or too far to travel or waiting list,Percentage,Total,Denmark,2017,1.0,
ESTAT:SDG_03_60(1.0),12/12/24 23:00:00,Annual,16 years or over,Total,Too expensive or too far to travel or waiting list,Percentage,Total,Denmark,2018,1.3,
ESTAT:SDG_03_60(1.0),12/12/24 23:00:00,Annual,16 years or over,Total,Too expensive or too far to travel or waiting list,Percentage,Total,Denmark,2019,1.8,
ESTAT:SDG_03_60(1.0),12/12/24 23:00:00,Annual,16 years or over,Total,Too expensive or too far to travel or waiting list,Percentage,Total,Denmark,2020,1.7,
ESTAT:SDG_03_60(1.0),12/12/24 23:00:00,Annual,16 years or over,Total,Too expensive or too far to travel or waiting list,Percentage,Total,Denmark,2021,1.3,
ESTAT:SDG_03_60(1.0),12/12/24 23:00:00,Annual,16 years or over,Total,Too expensive or too far to travel or waiting list,Percentage,Total,Denmark,2022,2.1,
ESTAT:SDG_03_60(1.0),12/12/24 23:00:00,Annual,16 years or over,Total,Too expensive or too far to travel or waiting list,Percentage,Total,Denmark,2023,2.7,
ESTAT:SDG_03_60(1.0),12/12/24 23:00:00,Annual,16 years or over,Total,Too expensive or too far to travel or waiting list,Percentage,Total,Euro area - 19 countries  (2015-2022),2008,2.4,
ESTAT:SDG_03_60(1.0),12/12/24 23:00:00,Annual,16 years or over,Total,Too expensive or too far to travel or waiting list,Percentage,Total,Euro area - 19 countries  (2015-2022),2009,2.5,
ESTAT:SDG_03_60(1.0),12/12/24 23:00:00,Annual,16 years or over,Total,Too expensive or too far to travel or waiting list,Percentage,Total,Euro area - 19 countries  (2015-2022),2010,2.4,
ESTAT:SDG_03_60(1.0),12/12/24 23:00:00,Annual,16 years or over,Total,Too expensive or too far to travel or waiting list,Percentage,Total,Euro area - 19 countries  (2015-2022),2011,2.7,
ESTAT:SDG_03_60(1.0),12/12/24 23:00:00,Annual,16 years or over,Total,Too expensive or too far to travel or waiting list,Percentage,Total,Euro area - 19 countries  (2015-2022),2012,2.8,
ESTAT:SDG_03_60(1.0),12/12/24 23:00:00,Annual,16 years or over,Total,Too expensive or too far to travel or waiting list,Percentage,Total,Euro area - 19 countries  (2015-2022),2013,3.1,
ESTAT:SDG_03_60(1.0),12/12/24 23:00:00,Annual,16 years or over,Total,Too expensive or too far to travel or waiting list,Percentage,Total,Euro area - 19 countries  (2015-2022),2014,3.3,
ESTAT:SDG_03_60(1.0),12/12/24 23:00:00,Annual,16 years or over,Total,Too expensive or too far to travel or waiting list,Percentage,Total,Euro area - 19 countries  (2015-2022),2015,2.7,
ESTAT:SDG_03_60(1.0),12/12/24 23:00:00,Annual,16 years or over,Total,Too expensive or too far to travel or waiting list,Percentage,Total,Euro area - 19 countries  (2015-2022),2016,2.3,
ESTAT:SDG_03_60(1.0),12/12/24 23:00:00,Annual,16 years or over,Total,Too expensive or too far to travel or waiting list,Percentage,Total,Euro area - 19 countries  (2015-2022),2017,1.3,
ESTAT:SDG_03_60(1.0),12/12/24 23:00:00,Annual,16 years or over,Total,Too expensive or too far to travel or waiting list,Percentage,Total,Euro area - 19 countries  (2015-2022),2018,1.4,
ESTAT:SDG_03_60(1.0),12/12/24 23:00:00,Annual,16 years or over,Total,Too expensive or too far to travel or waiting list,Percentage,Total,Euro area - 19 countries  (2015-2022),2019,1.3,
ESTAT:SDG_03_60(1.0),12/12/24 23:00:00,Annual,16 years or over,Total,Too expensive or too far to travel or waiting list,Percentage,Total,Euro area - 19 countries  (2015-2022),2020,1.8,
ESTAT:SDG_03_60(1.0),12/12/24 23:00:00,Annual,16 years or over,Total,Too expensive or too far to travel or waiting list,Percentage,Total,Euro area - 19 countries  (2015-2022),2021,1.9,
ESTAT:SDG_03_60(1.0),12/12/24 23:00:00,Annual,16 years or over,Total,Too expensive or too far to travel or waiting list,Percentage,Total,Euro area - 19 countries  (2015-2022),2022,2.2,
ESTAT:SDG_03_60(1.0),12/12/24 23:00:00,Annual,16 years or over,Total,Too expensive or too far to travel or waiting list,Percentage,Total,Euro area - 19 countries  (2015-2022),2023,2.2,
ESTAT:SDG_03_60(1.0),12/12/24 23:00:00,Annual,16 years or over,Total,Too expensive or too far to travel or waiting list,Percentage,Total,Euro area – 20 countries (from 2023),2014,3.3,
ESTAT:SDG_03_60(1.0),12/12/24 23:00:00,Annual,16 years or over,Total,Too expensive or too far to travel or waiting list,Percentage,Total,Euro area – 20 countries (from 2023),2015,2.7,
ESTAT:SDG_03_60(1.0),12/12/24 23:00:00,Annual,16 years or over,Total,Too expensive or too far to travel or waiting list,Percentage,Total,Euro area – 20 countries (from 2023),2016,2.3,
ESTAT:SDG_03_60(1.0),12/12/24 23:00:00,Annual,16 years or over,Total,Too expensive or too far to travel or waiting list,Percentage,Total,Euro area – 20 countries (from 2023),2017,1.4,
ESTAT:SDG_03_60(1.0),12/12/24 23:00:00,Annual,16 years or over,Total,Too expensive or too far to travel or waiting list,Percentage,Total,Euro area – 20 countries (from 2023),2018,1.4,
ESTAT:SDG_03_60(1.0),12/12/24 23:00:00,Annual,16 years or over,Total,Too expensive or too far to travel or waiting list,Percentage,Total,Euro area – 20 countries (from 2023),2019,1.3,
ESTAT:SDG_03_60(1.0),12/12/24 23:00:00,Annual,16 years or over,Total,Too expensive or too far to travel or waiting list,Percentage,Total,Euro area – 20 countries (from 2023),2020,1.8,
ESTAT:SDG_03_60(1.0),12/12/24 23:00:00,Annual,16 years or over,Total,Too expensive or too far to travel or waiting list,Percentage,Total,Euro area – 20 countries (from 2023),2021,1.9,
ESTAT:SDG_03_60(1.0),12/12/24 23:00:00,Annual,16 years or over,Total,Too expensive or too far to travel or waiting list,Percentage,Total,Euro area – 20 countries (from 2023),2022,2.1,
ESTAT:SDG_03_60(1.0),12/12/24 23:00:00,Annual,16 years or over,Total,Too expensive or too far to travel or waiting list,Percentage,Total,Euro area – 20 countries (from 2023),2023,2.2,
ESTAT:SDG_03_60(1.0),12/12/24 23:00:00,Annual,16 years or over,Total,Too expensive or too far to travel or waiting list,Percentage,Total,Estonia,2008,7.3,
ESTAT:SDG_03_60(1.0),12/12/24 23:00:00,Annual,16 years or over,Total,Too expensive or too far to travel or waiting list,Percentage,Total,Estonia,2009,4.3,
ESTAT:SDG_03_60(1.0),12/12/24 23:00:00,Annual,16 years or over,Total,Too expensive or too far to travel or waiting list,Percentage,Total,Estonia,2010,4.8,
ESTAT:SDG_03_60(1.0),12/12/24 23:00:00,Annual,16 years or over,Total,Too expensive or too far to travel or waiting list,Percentage,Total,Estonia,2011,7.3,
ESTAT:SDG_03_60(1.0),12/12/24 23:00:00,Annual,16 years or over,Total,Too expensive or too far to travel or waiting list,Percentage,Total,Estonia,2012,8.3,
ESTAT:SDG_03_60(1.0),12/12/24 23:00:00,Annual,16 years or over,Total,Too expensive or too far to travel or waiting list,Percentage,Total,Estonia,2013,8.4,
ESTAT:SDG_03_60(1.0),12/12/24 23:00:00,Annual,16 years or over,Total,Too expensive or too far to travel or waiting list,Percentage,Total,Estonia,2014,11.3,
ESTAT:SDG_03_60(1.0),12/12/24 23:00:00,Annual,16 years or over,Total,Too expensive or too far to travel or waiting list,Percentage,Total,Estonia,2015,12.7,
ESTAT:SDG_03_60(1.0),12/12/24 23:00:00,Annual,16 years or over,Total,Too expensive or too far to travel or waiting list,Percentage,Total,Estonia,2016,15.3,
ESTAT:SDG_03_60(1.0),12/12/24 23:00:00,Annual,16 years or over,Total,Too expensive or too far to travel or waiting list,Percentage,Total,Estonia,2017,11.8,
ESTAT:SDG_03_60(1.0),12/12/24 23:00:00,Annual,16 years or over,Total,Too expensive or too far to travel or waiting list,Percentage,Total,Estonia,2018,16.4,
ESTAT:SDG_03_60(1.0),12/12/24 23:00:00,Annual,16 years or over,Total,Too expensive or too far to travel or waiting list,Percentage,Total,Estonia,2019,15.5,
ESTAT:SDG_03_60(1.0),12/12/24 23:00:00,Annual,16 years or over,Total,Too expensive or too far to travel or waiting list,Percentage,Total,Estonia,2020,13.0,
ESTAT:SDG_03_60(1.0),12/12/24 23:00:00,Annual,16 years or over,Total,Too expensive or too far to travel or waiting list,Percentage,Total,Estonia,2021,8.1,
ESTAT:SDG_03_60(1.0),12/12/24 23:00:00,Annual,16 years or over,Total,Too expensive or too far to travel or waiting list,Percentage,Total,Estonia,2022,9.1,
ESTAT:SDG_03_60(1.0),12/12/24 23:00:00,Annual,16 years or over,Total,Too expensive or too far to travel or waiting list,Percentage,Total,Estonia,2023,12.9,
ESTAT:SDG_03_60(1.0),12/12/24 23:00:00,Annual,16 years or over,Total,Too expensive or too far to travel or waiting list,Percentage,Total,Greece,2008,5.4,
ESTAT:SDG_03_60(1.0),12/12/24 23:00:00,Annual,16 years or over,Total,Too expensive or too far to travel or waiting list,Percentage,Total,Greece,2009,5.5,
ESTAT:SDG_03_60(1.0),12/12/24 23:00:00,Annual,16 years or over,Total,Too expensive or too far to travel or waiting list,Percentage,Total,Greece,2010,5.5,
ESTAT:SDG_03_60(1.0),12/12/24 23:00:00,Annual,16 years or over,Total,Too expensive or too far to travel or waiting list,Percentage,Total,Greece,2011,7.5,
ESTAT:SDG_03_60(1.0),12/12/24 23:00:00,Annual,16 years or over,Total,Too expensive or too far to travel or waiting list,Percentage,Total,Greece,2012,8.0,
ESTAT:SDG_03_60(1.0),12/12/24 23:00:00,Annual,16 years or over,Total,Too expensive or too far to travel or waiting list,Percentage,Total,Greece,2013,9.0,
ESTAT:SDG_03_60(1.0),12/12/24 23:00:00,Annual,16 years or over,Total,Too expensive or too far to travel or waiting list,Percentage,Total,Greece,2014,10.9,
ESTAT:SDG_03_60(1.0),12/12/24 23:00:00,Annual,16 years or over,Total,Too expensive or too far to travel or waiting list,Percentage,Total,Greece,2015,12.3,
ESTAT:SDG_03_60(1.0),12/12/24 23:00:00,Annual,16 years or over,Total,Too expensive or too far to travel or waiting list,Percentage,Total,Greece,2016,13.1,
ESTAT:SDG_03_60(1.0),12/12/24 23:00:00,Annual,16 years or over,Total,Too expensive or too far to travel or waiting list,Percentage,Total,Greece,2017,10.0,
ESTAT:SDG_03_60(1.0),12/12/24 23:00:00,Annual,16 years or over,Total,Too expensive or too far to travel or waiting list,Percentage,Total,Greece,2018,8.8,
ESTAT:SDG_03_60(1.0),12/12/24 23:00:00,Annual,16 years or over,Total,Too expensive or too far to travel or waiting list,Percentage,Total,Greece,2019,8.1,
ESTAT:SDG_03_60(1.0),12/12/24 23:00:00,Annual,16 years or over,Total,Too expensive or too far to travel or waiting list,Percentage,Total,Greece,2020,6.5,
ESTAT:SDG_03_60(1.0),12/12/24 23:00:00,Annual,16 years or over,Total,Too expensive or too far to travel or waiting list,Percentage,Total,Greece,2021,6.4,
ESTAT:SDG_03_60(1.0),12/12/24 23:00:00,Annual,16 years or over,Total,Too expensive or too far to travel or waiting list,Percentage,Total,Greece,2022,9.0,
ESTAT:SDG_03_60(1.0),12/12/24 23:00:00,Annual,16 years or over,Total,Too expensive or too far to travel or waiting list,Percentage,Total,Greece,2023,11.6,
ESTAT:SDG_03_60(1.0),12/12/24 23:00:00,Annual,16 years or over,Total,Too expensive or too far to travel or waiting list,Percentage,Total,Spain,2008,0.4,
ESTAT:SDG_03_60(1.0),12/12/24 23:00:00,Annual,16 years or over,Total,Too expensive or too far to travel or waiting list,Percentage,Total,Spain,2009,0.5,
ESTAT:SDG_03_60(1.0),12/12/24 23:00:00,Annual,16 years or over,Total,Too expensive or too far to travel or waiting list,Percentage,Total,Spain,2010,0.3,
ESTAT:SDG_03_60(1.0),12/12/24 23:00:00,Annual,16 years or over,Total,Too expensive or too far to travel or waiting list,Percentage,Total,Spain,2011,0.6,
ESTAT:SDG_03_60(1.0),12/12/24 23:00:00,Annual,16 years or over,Total,Too expensive or too far to travel or waiting list,Percentage,Total,Spain,2012,0.7,
ESTAT:SDG_03_60(1.0),12/12/24 23:00:00,Annual,16 years or over,Total,Too expensive or too far to travel or waiting list,Percentage,Total,Spain,2013,0.8,
ESTAT:SDG_03_60(1.0),12/12/24 23:00:00,Annual,16 years or over,Total,Too expensive or too far to travel or waiting list,Percentage,Total,Spain,2014,0.6,
ESTAT:SDG_03_60(1.0),12/12/24 23:00:00,Annual,16 years or over,Total,Too expensive or too far to travel or waiting list,Percentage,Total,Spain,2015,0.6,
ESTAT:SDG_03_60(1.0),12/12/24 23:00:00,Annual,16 years or over,Total,Too expensive or too far to travel or waiting list,Percentage,Total,Spain,2016,0.5,
ESTAT:SDG_03_60(1.0),12/12/24 23:00:00,Annual,16 years or over,Total,Too expensive or too far to travel or waiting list,Percentage,Total,Spain,2017,0.1,
ESTAT:SDG_03_60(1.0),12/12/24 23:00:00,Annual,16 years or over,Total,Too expensive or too far to travel or waiting list,Percentage,Total,Spain,2018,0.2,
ESTAT:SDG_03_60(1.0),12/12/24 23:00:00,Annual,16 years or over,Total,Too expensive or too far to travel or waiting list,Percentage,Total,Spain,2019,0.2,
ESTAT:SDG_03_60(1.0),12/12/24 23:00:00,Annual,16 years or over,Total,Too expensive or too far to travel or waiting list,Percentage,Total,Spain,2020,0.4,
ESTAT:SDG_03_60(1.0),12/12/24 23:00:00,Annual,16 years or over,Total,Too expensive or too far to travel or waiting list,Percentage,Total,Spain,2021,1.1,
ESTAT:SDG_03_60(1.0),12/12/24 23:00:00,Annual,16 years or over,Total,Too expensive or too far to travel or waiting list,Percentage,Total,Spain,2022,1.2,
ESTAT:SDG_03_60(1.0),12/12/24 23:00:00,Annual,16 years or over,Total,Too expensive or too far to travel or waiting list,Percentage,Total,Spain,2023,1.8,
ESTAT:SDG_03_60(1.0),12/12/24 23:00:00,Annual,16 years or over,Total,Too expensive or too far to travel or waiting list,Percentage,Total,"European Union (EU6-1958, EU9-1973, EU10-1981, EU12-1986, EU15-1995, EU25-2004, EU27-2007, EU28-2013, EU27-2020)",2008,3.0,
ESTAT:SDG_03_60(1.0),12/12/24 23:00:00,Annual,16 years or over,Total,Too expensive or too far to travel or waiting list,Percentage,Total,"European Union (EU6-1958, EU9-1973, EU10-1981, EU12-1986, EU15-1995, EU25-2004, EU27-2007, EU28-2013, EU27-2020)",2009,3.0,
ESTAT:SDG_03_60(1.0),12/12/24 23:00:00,Annual,16 years or over,Total,Too expensive or too far to travel or waiting list,Percentage,Total,"European Union (EU6-1958, EU9-1973, EU10-1981, EU12-1986, EU15-1995, EU25-2004, EU27-2007, EU28-2013, EU27-2020)",2010,3.1,
ESTAT:SDG_03_60(1.0),12/12/24 23:00:00,Annual,16 years or over,Total,Too expensive or too far to travel or waiting list,Percentage,Total,"European Union (EU6-1958, EU9-1973, EU10-1981, EU12-1986, EU15-1995, EU25-2004, EU27-2007, EU28-2013, EU27-2020)",2011,3.4,
ESTAT:SDG_03_60(1.0),12/12/24 23:00:00,Annual,16 years or over,Total,Too expensive or too far to travel or waiting list,Percentage,Total,"European Union (EU6-1958, EU9-1973, EU10-1981, EU12-1986, EU15-1995, EU25-2004, EU27-2007, EU28-2013, EU27-2020)",2012,3.5,
ESTAT:SDG_03_60(1.0),12/12/24 23:00:00,Annual,16 years or over,Total,Too expensive or too far to travel or waiting list,Percentage,Total,"European Union (EU6-1958, EU9-1973, EU10-1981, EU12-1986, EU15-1995, EU25-2004, EU27-2007, EU28-2013, EU27-2020)",2013,3.7,
ESTAT:SDG_03_60(1.0),12/12/24 23:00:00,Annual,16 years or over,Total,Too expensive or too far to travel or waiting list,Percentage,Total,"European Union (EU6-1958, EU9-1973, EU10-1981, EU12-1986, EU15-1995, EU25-2004, EU27-2007, EU28-2013, EU27-2020)",2014,3.7,
ESTAT:SDG_03_60(1.0),12/12/24 23:00:00,Annual,16 years or over,Total,Too expensive or too far to travel or waiting list,Percentage,Total,"European Union (EU6-1958, EU9-1973, EU10-1981, EU12-1986, EU15-1995, EU25-2004, EU27-2007, EU28-2013, EU27-2020)",2015,3.3,
ESTAT:SDG_03_60(1.0),12/12/24 23:00:00,Annual,16 years or over,Total,Too expensive or too far to travel or waiting list,Percentage,Total,"European Union (EU6-1958, EU9-1973, EU10-1981, EU12-1986, EU15-1995, EU25-2004, EU27-2007, EU28-2013, EU27-2020)",2016,2.6,
ESTAT:SDG_03_60(1.0),12/12/24 23:00:00,Annual,16 years or over,Total,Too expensive or too far to travel or waiting list,Percentage,Total,"European Union (EU6-1958, EU9-1973, EU10-1981, EU12-1986, EU15-1995, EU25-2004, EU27-2007, EU28-2013, EU27-2020)",2017,1.7,
ESTAT:SDG_03_60(1.0),12/12/24 23:00:00,Annual,16 years or over,Total,Too expensive or too far to travel or waiting list,Percentage,Total,"European Union (EU6-1958, EU9-1973, EU10-1981, EU12-1986, EU15-1995, EU25-2004, EU27-2007, EU28-2013, EU27-2020)",2018,2.0,
ESTAT:SDG_03_60(1.0),12/12/24 23:00:00,Annual,16 years or over,Total,Too expensive or too far to travel or waiting list,Percentage,Total,"European Union (EU6-1958, EU9-1973, EU10-1981, EU12-1986, EU15-1995, EU25-2004, EU27-2007, EU28-2013, EU27-2020)",2019,1.9,e
ESTAT:SDG_03_60(1.0),12/12/24 23:00:00,Annual,16 years or over,Total,Too expensive or too far to travel or waiting list,Percentage,Total,European Union - 27 countries (2007-2013),2008,3.0,
ESTAT:SDG_03_60(1.0),12/12/24 23:00:00,Annual,16 years or over,Total,Too expensive or too far to travel or waiting list,Percentage,Total,European Union - 27 countries (2007-2013),2009,3.0,
ESTAT:SDG_03_60(1.0),12/12/24 23:00:00,Annual,16 years or over,Total,Too expensive or too far to travel or waiting list,Percentage,Total,European Union - 27 countries (2007-2013),2010,3.1,
ESTAT:SDG_03_60(1.0),12/12/24 23:00:00,Annual,16 years or over,Total,Too expensive or too far to travel or waiting list,Percentage,Total,European Union - 27 countries (2007-2013),2011,3.3,
ESTAT:SDG_03_60(1.0),12/12/24 23:00:00,Annual,16 years or over,Total,Too expensive or too far to travel or waiting list,Percentage,Total,European Union - 27 countries (2007-2013),2012,3.5,
ESTAT:SDG_03_60(1.0),12/12/24 23:00:00,Annual,16 years or over,Total,Too expensive or too far to travel or waiting list,Percentage,Total,European Union - 27 countries (2007-2013),2013,3.7,
ESTAT:SDG_03_60(1.0),12/12/24 23:00:00,Annual,16 years or over,Total,Too expensive or too far to travel or waiting list,Percentage,Total,European Union - 27 countries (2007-2013),2014,3.7,
ESTAT:SDG_03_60(1.0),12/12/24 23:00:00,Annual,16 years or over,Total,Too expensive or too far to travel or waiting list,Percentage,Total,European Union - 27 countries (2007-2013),2015,3.3,
ESTAT:SDG_03_60(1.0),12/12/24 23:00:00,Annual,16 years or over,Total,Too expensive or too far to travel or waiting list,Percentage,Total,European Union - 27 countries (2007-2013),2016,2.6,
ESTAT:SDG_03_60(1.0),12/12/24 23:00:00,Annual,16 years or over,Total,Too expensive or too far to travel or waiting list,Percentage,Total,European Union - 27 countries (2007-2013),2017,1.7,
ESTAT:SDG_03_60(1.0),12/12/24 23:00:00,Annual,16 years or over,Total,Too expensive or too far to travel or waiting list,Percentage,Total,European Union - 27 countries (2007-2013),2018,2.0,
ESTAT:SDG_03_60(1.0),12/12/24 23:00:00,Annual,16 years or over,Total,Too expensive or too far to travel or waiting list,Percentage,Total,European Union - 27 countries (2007-2013),2019,1.9,e
ESTAT:SDG_03_60(1.0),12/12/24 23:00:00,Annual,16 years or over,Total,Too expensive or too far to travel or waiting list,Percentage,Total,European Union - 27 countries (from 2020),2010,3.5,
ESTAT:SDG_03_60(1.0),12/12/24 23:00:00,Annual,16 years or over,Total,Too expensive or too far to travel or waiting list,Percentage,Total,European Union - 27 countries (from 2020),2011,3.7,
ESTAT:SDG_03_60(1.0),12/12/24 23:00:00,Annual,16 years or over,Total,Too expensive or too far to travel or waiting list,Percentage,Total,European Union - 27 countries (from 2020),2012,3.8,
ESTAT:SDG_03_60(1.0),12/12/24 23:00:00,Annual,16 years or over,Total,Too expensive or too far to travel or waiting list,Percentage,Total,European Union - 27 countries (from 2020),2013,4.0,
ESTAT:SDG_03_60(1.0),12/12/24 23:00:00,Annual,16 years or over,Total,Too expensive or too far to travel or waiting list,Percentage,Total,European Union - 27 countries (from 2020),2014,3.9,
ESTAT:SDG_03_60(1.0),12/12/24 23:00:00,Annual,16 years or over,Total,Too expensive or too far to travel or waiting list,Percentage,Total,European Union - 27 countries (from 2020),2015,3.3,
ESTAT:SDG_03_60(1.0),12/12/24 23:00:00,Annual,16 years or over,Total,Too expensive or too far to travel or waiting list,Percentage,Total,European Union - 27 countries (from 2020),2016,2.8,
ESTAT:SDG_03_60(1.0),12/12/24 23:00:00,Annual,16 years or over,Total,Too expensive or too far to travel or waiting list,Percentage,Total,European Union - 27 countries (from 2020),2017,1.6,
ESTAT:SDG_03_60(1.0),12/12/24 23:00:00,Annual,16 years or over,Total,Too expensive or too far to travel or waiting list,Percentage,Total,European Union - 27 countries (from 2020),2018,1.8,
ESTAT:SDG_03_60(1.0),12/12/24 23:00:00,Annual,16 years or over,Total,Too expensive or too far to travel or waiting list,Percentage,Total,European Union - 27 countries (from 2020),2019,1.7,
ESTAT:SDG_03_60(1.0),12/12/24 23:00:00,Annual,16 years or over,Total,Too expensive or too far to travel or waiting list,Percentage,Total,European Union - 27 countries (from 2020),2020,1.9,
ESTAT:SDG_03_60(1.0),12/12/24 23:00:00,Annual,16 years or over,Total,Too expensive or too far to travel or waiting list,Percentage,Total,European Union - 27 countries (from 2020),2021,2.0,
ESTAT:SDG_03_60(1.0),12/12/24 23:00:00,Annual,16 years or over,Total,Too expensive or too far to travel or waiting list,Percentage,Total,European Union - 27 countries (from 2020),2022,2.2,
ESTAT:SDG_03_60(1.0),12/12/24 23:00:00,Annual,16 years or over,Total,Too expensive or too far to travel or waiting list,Percentage,Total,European Union - 27 countries (from 2020),2023,2.4,
ESTAT:SDG_03_60(1.0),12/12/24 23:00:00,Annual,16 years or over,Total,Too expensive or too far to travel or waiting list,Percentage,Total,European Union - 28 countries (2013-2020),2010,3.1,
ESTAT:SDG_03_60(1.0),12/12/24 23:00:00,Annual,16 years or over,Total,Too expensive or too far to travel or waiting list,Percentage,Total,European Union - 28 countries (2013-2020),2011,3.4,
ESTAT:SDG_03_60(1.0),12/12/24 23:00:00,Annual,16 years or over,Total,Too expensive or too far to travel or waiting list,Percentage,Total,European Union - 28 countries (2013-2020),2012,3.5,
ESTAT:SDG_03_60(1.0),12/12/24 23:00:00,Annual,16 years or over,Total,Too expensive or too far to travel or waiting list,Percentage,Total,European Union - 28 countries (2013-2020),2013,3.7,
ESTAT:SDG_03_60(1.0),12/12/24 23:00:00,Annual,16 years or over,Total,Too expensive or too far to travel or waiting list,Percentage,Total,European Union - 28 countries (2013-2020),2014,3.7,
ESTAT:SDG_03_60(1.0),12/12/24 23:00:00,Annual,16 years or over,Total,Too expensive or too far to travel or waiting list,Percentage,Total,European Union - 28 countries (2013-2020),2015,3.3,
ESTAT:SDG_03_60(1.0),12/12/24 23:00:00,Annual,16 years or over,Total,Too expensive or too far to travel or waiting list,Percentage,Total,European Union - 28 countries (2013-2020),2016,2.6,
ESTAT:SDG_03_60(1.0),12/12/24 23:00:00,Annual,16 years or over,Total,Too expensive or too far to travel or waiting list,Percentage,Total,European Union - 28 countries (2013-2020),2017,1.7,
ESTAT:SDG_03_60(1.0),12/12/24 23:00:00,Annual,16 years or over,Total,Too expensive or too far to travel or waiting list,Percentage,Total,European Union - 28 countries (2013-2020),2018,2.0,
ESTAT:SDG_03_60(1.0),12/12/24 23:00:00,Annual,16 years or over,Total,Too expensive or too far to travel or waiting list,Percentage,Total,European Union - 28 countries (2013-2020),2019,1.9,e
ESTAT:SDG_03_60(1.0),12/12/24 23:00:00,Annual,16 years or over,Total,Too expensive or too far to travel or waiting list,Percentage,Total,Finland,2008,0.8,
ESTAT:SDG_03_60(1.0),12/12/24 23:00:00,Annual,16 years or over,Total,Too expensive or too far to travel or waiting list,Percentage,Total,Finland,2009,3.7,
ESTAT:SDG_03_60(1.0),12/12/24 23:00:00,Annual,16 years or over,Total,Too expensive or too far to travel or waiting list,Percentage,Total,Finland,2010,3.9,
ESTAT:SDG_03_60(1.0),12/12/24 23:00:00,Annual,16 years or over,Total,Too expensive or too far to travel or waiting list,Percentage,Total,Finland,2011,4.4,
ESTAT:SDG_03_60(1.0),12/12/24 23:00:00,Annual,16 years or over,Total,Too expensive or too far to travel or waiting list,Percentage,Total,Finland,2012,4.6,
ESTAT:SDG_03_60(1.0),12/12/24 23:00:00,Annual,16 years or over,Total,Too expensive or too far to travel or waiting list,Percentage,Total,Finland,2013,4.3,
ESTAT:SDG_03_60(1.0),12/12/24 23:00:00,Annual,16 years or over,Total,Too expensive or too far to travel or waiting list,Percentage,Total,Finland,2014,3.3,
ESTAT:SDG_03_60(1.0),12/12/24 23:00:00,Annual,16 years or over,Total,Too expensive or too far to travel or waiting list,Percentage,Total,Finland,2015,4.3,
ESTAT:SDG_03_60(1.0),12/12/24 23:00:00,Annual,16 years or over,Total,Too expensive or too far to travel or waiting list,Percentage,Total,Finland,2016,4.1,
ESTAT:SDG_03_60(1.0),12/12/24 23:00:00,Annual,16 years or over,Total,Too expensive or too far to travel or waiting list,Percentage,Total,Finland,2017,3.6,
ESTAT:SDG_03_60(1.0),12/12/24 23:00:00,Annual,16 years or over,Total,Too expensive or too far to travel or waiting list,Percentage,Total,Finland,2018,4.7,
ESTAT:SDG_03_60(1.0),12/12/24 23:00:00,Annual,16 years or over,Total,Too expensive or too far to travel or waiting list,Percentage,Total,Finland,2019,4.6,
ESTAT:SDG_03_60(1.0),12/12/24 23:00:00,Annual,16 years or over,Total,Too expensive or too far to travel or waiting list,Percentage,Total,Finland,2020,5.4,
ESTAT:SDG_03_60(1.0),12/12/24 23:00:00,Annual,16 years or over,Total,Too expensive or too far to travel or waiting list,Percentage,Total,Finland,2021,4.4,
ESTAT:SDG_03_60(1.0),12/12/24 23:00:00,Annual,16 years or over,Total,Too expensive or too far to travel or waiting list,Percentage,Total,Finland,2022,6.5,
ESTAT:SDG_03_60(1.0),12/12/24 23:00:00,Annual,16 years or over,Total,Too expensive or too far to travel or waiting list,Percentage,Total,Finland,2023,7.9,
ESTAT:SDG_03_60(1.0),12/12/24 23:00:00,Annual,16 years or over,Total,Too expensive or too far to travel or waiting list,Percentage,Total,France,2008,1.9,
ESTAT:SDG_03_60(1.0),12/12/24 23:00:00,Annual,16 years or over,Total,Too expensive or too far to travel or waiting list,Percentage,Total,France,2009,1.9,
ESTAT:SDG_03_60(1.0),12/12/24 23:00:00,Annual,16 years or over,Total,Too expensive or too far to travel or waiting list,Percentage,Total,France,2010,1.9,
ESTAT:SDG_03_60(1.0),12/12/24 23:00:00,Annual,16 years or over,Total,Too expensive or too far to travel or waiting list,Percentage,Total,France,2011,2.3,
ESTAT:SDG_03_60(1.0),12/12/24 23:00:00,Annual,16 years or over,Total,Too expensive or too far to travel or waiting list,Percentage,Total,France,2012,2.2,
ESTAT:SDG_03_60(1.0),12/12/24 23:00:00,Annual,16 years or over,Total,Too expensive or too far to travel or waiting list,Percentage,Total,France,2013,2.6,
ESTAT:SDG_03_60(1.0),12/12/24 23:00:00,Annual,16 years or over,Total,Too expensive or too far to travel or waiting list,Percentage,Total,France,2014,2.8,
ESTAT:SDG_03_60(1.0),12/12/24 23:00:00,Annual,16 years or over,Total,Too expensive or too far to travel or waiting list,Percentage,Total,France,2015,1.2,
ESTAT:SDG_03_60(1.0),12/12/24 23:00:00,Annual,16 years or over,Total,Too expensive or too far to travel or waiting list,Percentage,Total,France,2016,1.3,
ESTAT:SDG_03_60(1.0),12/12/24 23:00:00,Annual,16 years or over,Total,Too expensive or too far to travel or waiting list,Percentage,Total,France,2017,1.0,
ESTAT:SDG_03_60(1.0),12/12/24 23:00:00,Annual,16 years or over,Total,Too expensive or too far to travel or waiting list,Percentage,Total,France,2018,1.2,
ESTAT:SDG_03_60(1.0),12/12/24 23:00:00,Annual,16 years or over,Total,Too expensive or too far to travel or waiting list,Percentage,Total,France,2019,1.2,
ESTAT:SDG_03_60(1.0),12/12/24 23:00:00,Annual,16 years or over,Total,Too expensive or too far to travel or waiting list,Percentage,Total,France,2020,2.7,b
ESTAT:SDG_03_60(1.0),12/12/24 23:00:00,Annual,16 years or over,Total,Too expensive or too far to travel or waiting list,Percentage,Total,France,2021,2.8,
ESTAT:SDG_03_60(1.0),12/12/24 23:00:00,Annual,16 years or over,Total,Too expensive or too far to travel or waiting list,Percentage,Total,France,2022,3.2,b
ESTAT:SDG_03_60(1.0),12/12/24 23:00:00,Annual,16 years or over,Total,Too expensive or too far to travel or waiting list,Percentage,Total,France,2023,3.7,
ESTAT:SDG_03_60(1.0),12/12/24 23:00:00,Annual,16 years or over,Total,Too expensive or too far to travel or waiting list,Percentage,Total,Croatia,2010,6.3,
ESTAT:SDG_03_60(1.0),12/12/24 23:00:00,Annual,16 years or over,Total,Too expensive or too far to travel or waiting list,Percentage,Total,Croatia,2011,5.1,
ESTAT:SDG_03_60(1.0),12/12/24 23:00:00,Annual,16 years or over,Total,Too expensive or too far to travel or waiting list,Percentage,Total,Croatia,2012,3.5,
ESTAT:SDG_03_60(1.0),12/12/24 23:00:00,Annual,16 years or over,Total,Too expensive or too far to travel or waiting list,Percentage,Total,Croatia,2013,3.3,
ESTAT:SDG_03_60(1.0),12/12/24 23:00:00,Annual,16 years or over,Total,Too expensive or too far to travel or waiting list,Percentage,Total,Croatia,2014,3.3,
ESTAT:SDG_03_60(1.0),12/12/24 23:00:00,Annual,16 years or over,Total,Too expensive or too far to travel or waiting list,Percentage,Total,Croatia,2015,1.9,
ESTAT:SDG_03_60(1.0),12/12/24 23:00:00,Annual,16 years or over,Total,Too expensive or too far to travel or waiting list,Percentage,Total,Croatia,2016,1.7,
ESTAT:SDG_03_60(1.0),12/12/24 23:00:00,Annual,16 years or over,Total,Too expensive or too far to travel or waiting list,Percentage,Total,Croatia,2017,1.6,
ESTAT:SDG_03_60(1.0),12/12/24 23:00:00,Annual,16 years or over,Total,Too expensive or too far to travel or waiting list,Percentage,Total,Croatia,2018,1.4,
ESTAT:SDG_03_60(1.0),12/12/24 23:00:00,Annual,16 years or over,Total,Too expensive or too far to travel or waiting list,Percentage,Total,Croatia,2019,1.4,
ESTAT:SDG_03_60(1.0),12/12/24 23:00:00,Annual,16 years or over,Total,Too expensive or too far to travel or waiting list,Percentage,Total,Croatia,2020,1.5,
ESTAT:SDG_03_60(1.0),12/12/24 23:00:00,Annual,16 years or over,Total,Too expensive or too far to travel or waiting list,Percentage,Total,Croatia,2021,1.7,
ESTAT:SDG_03_60(1.0),12/12/24 23:00:00,Annual,16 years or over,Total,Too expensive or too far to travel or waiting list,Percentage,Total,Croatia,2022,1.3,
ESTAT:SDG_03_60(1.0),12/12/24 23:00:00,Annual,16 years or over,Total,Too expensive or too far to travel or waiting list,Percentage,Total,Croatia,2023,1.0,b
ESTAT:SDG_03_60(1.0),12/12/24 23:00:00,Annual,16 years or over,Total,Too expensive or too far to travel or waiting list,Percentage,Total,Hungary,2008,3.4,
ESTAT:SDG_03_60(1.0),12/12/24 23:00:00,Annual,16 years or over,Total,Too expensive or too far to travel or waiting list,Percentage,Total,Hungary,2009,2.1,
ESTAT:SDG_03_60(1.0),12/12/24 23:00:00,Annual,16 years or over,Total,Too expensive or too far to travel or waiting list,Percentage,Total,Hungary,2010,1.7,
ESTAT:SDG_03_60(1.0),12/12/24 23:00:00,Annual,16 years or over,Total,Too expensive or too far to travel or waiting list,Percentage,Total,Hungary,2011,2.7,
ESTAT:SDG_03_60(1.0),12/12/24 23:00:00,Annual,16 years or over,Total,Too expensive or too far to travel or waiting list,Percentage,Total,Hungary,2012,2.9,
ESTAT:SDG_03_60(1.0),12/12/24 23:00:00,Annual,16 years or over,Total,Too expensive or too far to travel or waiting list,Percentage,Total,Hungary,2013,2.6,
ESTAT:SDG_03_60(1.0),12/12/24 23:00:00,Annual,16 years or over,Total,Too expensive or too far to travel or waiting list,Percentage,Total,Hungary,2014,2.5,
ESTAT:SDG_03_60(1.0),12/12/24 23:00:00,Annual,16 years or over,Total,Too expensive or too far to travel or waiting list,Percentage,Total,Hungary,2015,2.6,
ESTAT:SDG_03_60(1.0),12/12/24 23:00:00,Annual,16 years or over,Total,Too expensive or too far to travel or waiting list,Percentage,Total,Hungary,2016,1.3,
ESTAT:SDG_03_60(1.0),12/12/24 23:00:00,Annual,16 years or over,Total,Too expensive or too far to travel or waiting list,Percentage,Total,Hungary,2017,1.0,
ESTAT:SDG_03_60(1.0),12/12/24 23:00:00,Annual,16 years or over,Total,Too expensive or too far to travel or waiting list,Percentage,Total,Hungary,2018,0.8,
ESTAT:SDG_03_60(1.0),12/12/24 23:00:00,Annual,16 years or over,Total,Too expensive or too far to travel or waiting list,Percentage,Total,Hungary,2019,1.0,
ESTAT:SDG_03_60(1.0),12/12/24 23:00:00,Annual,16 years or over,Total,Too expensive or too far to travel or waiting list,Percentage,Total,Hungary,2020,0.7,
ESTAT:SDG_03_60(1.0),12/12/24 23:00:00,Annual,16 years or over,Total,Too expensive or too far to travel or waiting list,Percentage,Total,Hungary,2021,1.1,
ESTAT:SDG_03_60(1.0),12/12/24 23:00:00,Annual,16 years or over,Total,Too expensive or too far to travel or waiting list,Percentage,Total,Hungary,2022,1.4,
ESTAT:SDG_03_60(1.0),12/12/24 23:00:00,Annual,16 years or over,Total,Too expensive or too far to travel or waiting list,Percentage,Total,Hungary,2023,1.0,
ESTAT:SDG_03_60(1.0),12/12/24 23:00:00,Annual,16 years or over,Total,Too expensive or too far to travel or waiting list,Percentage,Total,Ireland,2008,1.8,
ESTAT:SDG_03_60(1.0),12/12/24 23:00:00,Annual,16 years or over,Total,Too expensive or too far to travel or waiting list,Percentage,Total,Ireland,2009,2.0,
ESTAT:SDG_03_60(1.0),12/12/24 23:00:00,Annual,16 years or over,Total,Too expensive or too far to travel or waiting list,Percentage,Total,Ireland,2010,2.1,
ESTAT:SDG_03_60(1.0),12/12/24 23:00:00,Annual,16 years or over,Total,Too expensive or too far to travel or waiting list,Percentage,Total,Ireland,2011,2.2,
ESTAT:SDG_03_60(1.0),12/12/24 23:00:00,Annual,16 years or over,Total,Too expensive or too far to travel or waiting list,Percentage,Total,Ireland,2012,3.4,
ESTAT:SDG_03_60(1.0),12/12/24 23:00:00,Annual,16 years or over,Total,Too expensive or too far to travel or waiting list,Percentage,Total,Ireland,2013,3.3,
ESTAT:SDG_03_60(1.0),12/12/24 23:00:00,Annual,16 years or over,Total,Too expensive or too far to travel or waiting list,Percentage,Total,Ireland,2014,3.7,
ESTAT:SDG_03_60(1.0),12/12/24 23:00:00,Annual,16 years or over,Total,Too expensive or too far to travel or waiting list,Percentage,Total,Ireland,2015,2.7,
ESTAT:SDG_03_60(1.0),12/12/24 23:00:00,Annual,16 years or over,Total,Too expensive or too far to travel or waiting list,Percentage,Total,Ireland,2016,2.5,
ESTAT:SDG_03_60(1.0),12/12/24 23:00:00,Annual,16 years or over,Total,Too expensive or too far to travel or waiting list,Percentage,Total,Ireland,2017,2.8,
ESTAT:SDG_03_60(1.0),12/12/24 23:00:00,Annual,16 years or over,Total,Too expensive or too far to travel or waiting list,Percentage,Total,Ireland,2018,2.0,
ESTAT:SDG_03_60(1.0),12/12/24 23:00:00,Annual,16 years or over,Total,Too expensive or too far to travel or waiting list,Percentage,Total,Ireland,2019,2.0,b
ESTAT:SDG_03_60(1.0),12/12/24 23:00:00,Annual,16 years or over,Total,Too expensive or too far to travel or waiting list,Percentage,Total,Ireland,2020,1.8,b
ESTAT:SDG_03_60(1.0),12/12/24 23:00:00,Annual,16 years or over,Total,Too expensive or too far to travel or waiting list,Percentage,Total,Ireland,2021,2.1,
ESTAT:SDG_03_60(1.0),12/12/24 23:00:00,Annual,16 years or over,Total,Too expensive or too far to travel or waiting list,Percentage,Total,Ireland,2022,2.7,
ESTAT:SDG_03_60(1.0),12/12/24 23:00:00,Annual,16 years or over,Total,Too expensive or too far to travel or waiting list,Percentage,Total,Ireland,2023,2.7,
ESTAT:SDG_03_60(1.0),12/12/24 23:00:00,Annual,16 years or over,Total,Too expensive or too far to travel or waiting list,Percentage,Total,Iceland,2008,1.7,
ESTAT:SDG_03_60(1.0),12/12/24 23:00:00,Annual,16 years or over,Total,Too expensive or too far to travel or waiting list,Percentage,Total,Iceland,2009,2.2,
ESTAT:SDG_03_60(1.0),12/12/24 23:00:00,Annual,16 years or over,Total,Too expensive or too far to travel or waiting list,Percentage,Total,Iceland,2010,3.1,
ESTAT:SDG_03_60(1.0),12/12/24 23:00:00,Annual,16 years or over,Total,Too expensive or too far to travel or waiting list,Percentage,Total,Iceland,2011,3.8,
ESTAT:SDG_03_60(1.0),12/12/24 23:00:00,Annual,16 years or over,Total,Too expensive or too far to travel or waiting list,Percentage,Total,Iceland,2012,4.2,
ESTAT:SDG_03_60(1.0),12/12/24 23:00:00,Annual,16 years or over,Total,Too expensive or too far to travel or waiting list,Percentage,Total,Iceland,2013,3.6,
ESTAT:SDG_03_60(1.0),12/12/24 23:00:00,Annual,16 years or over,Total,Too expensive or too far to travel or waiting list,Percentage,Total,Iceland,2014,4.4,
ESTAT:SDG_03_60(1.0),12/12/24 23:00:00,Annual,16 years or over,Total,Too expensive or too far to travel or waiting list,Percentage,Total,Iceland,2015,4.3,
ESTAT:SDG_03_60(1.0),12/12/24 23:00:00,Annual,16 years or over,Total,Too expensive or too far to travel or waiting list,Percentage,Total,Iceland,2016,2.9,
ESTAT:SDG_03_60(1.0),12/12/24 23:00:00,Annual,16 years or over,Total,Too expensive or too far to travel or waiting list,Percentage,Total,Iceland,2017,3.5,
ESTAT:SDG_03_60(1.0),12/12/24 23:00:00,Annual,16 years or over,Total,Too expensive or too far to travel or waiting list,Percentage,Total,Iceland,2018,3.4,
ESTAT:SDG_03_60(1.0),12/12/24 23:00:00,Annual,16 years or over,Total,Too expensive or too far to travel or waiting list,Percentage,Total,Iceland,2019,5.2,
ESTAT:SDG_03_60(1.0),12/12/24 23:00:00,Annual,16 years or over,Total,Too expensive or too far to travel or waiting list,Percentage,Total,Iceland,2020,2.8,
ESTAT:SDG_03_60(1.0),12/12/24 23:00:00,Annual,16 years or over,Total,Too expensive or too far to travel or waiting list,Percentage,Total,Italy,2008,5.2,
ESTAT:SDG_03_60(1.0),12/12/24 23:00:00,Annual,16 years or over,Total,Too expensive or too far to travel or waiting list,Percentage,Total,Italy,2009,5.4,
ESTAT:SDG_03_60(1.0),12/12/24 23:00:00,Annual,16 years or over,Total,Too expensive or too far to travel or waiting list,Percentage,Total,Italy,2010,5.2,
ESTAT:SDG_03_60(1.0),12/12/24 23:00:00,Annual,16 years or over,Total,Too expensive or too far to travel or waiting list,Percentage,Total,Italy,2011,5.9,
ESTAT:SDG_03_60(1.0),12/12/24 23:00:00,Annual,16 years or over,Total,Too expensive or too far to travel or waiting list,Percentage,Total,Italy,2012,5.7,
ESTAT:SDG_03_60(1.0),12/12/24 23:00:00,Annual,16 years or over,Total,Too expensive or too far to travel or waiting list,Percentage,Total,Italy,2013,7.0,
ESTAT:SDG_03_60(1.0),12/12/24 23:00:00,Annual,16 years or over,Total,Too expensive or too far to travel or waiting list,Percentage,Total,Italy,2014,7.0,
ESTAT:SDG_03_60(1.0),12/12/24 23:00:00,Annual,16 years or over,Total,Too expensive or too far to travel or waiting list,Percentage,Total,Italy,2015,7.2,
ESTAT:SDG_03_60(1.0),12/12/24 23:00:00,Annual,16 years or over,Total,Too expensive or too far to travel or waiting list,Percentage,Total,Italy,2016,5.5,
ESTAT:SDG_03_60(1.0),12/12/24 23:00:00,Annual,16 years or over,Total,Too expensive or too far to travel or waiting list,Percentage,Total,Italy,2017,1.8,
ESTAT:SDG_03_60(1.0),12/12/24 23:00:00,Annual,16 years or over,Total,Too expensive or too far to travel or waiting list,Percentage,Total,Italy,2018,2.4,
ESTAT:SDG_03_60(1.0),12/12/24 23:00:00,Annual,16 years or over,Total,Too expensive or too far to travel or waiting list,Percentage,Total,Italy,2019,1.8,
ESTAT:SDG_03_60(1.0),12/12/24 23:00:00,Annual,16 years or over,Total,Too expensive or too far to travel or waiting list,Percentage,Total,Italy,2021,1.8,
ESTAT:SDG_03_60(1.0),12/12/24 23:00:00,Annual,16 years or over,Total,Too expensive or too far to travel or waiting list,Percentage,Total,Italy,2022,1.8,
ESTAT:SDG_03_60(1.0),12/12/24 23:00:00,Annual,16 years or over,Total,Too expensive or too far to travel or waiting list,Percentage,Total,Italy,2023,1.8,
ESTAT:SDG_03_60(1.0),12/12/24 23:00:00,Annual,16 years or over,Total,Too expensive or too far to travel or waiting list,Percentage,Total,Lithuania,2008,5.7,
ESTAT:SDG_03_60(1.0),12/12/24 23:00:00,Annual,16 years or over,Total,Too expensive or too far to travel or waiting list,Percentage,Total,Lithuania,2009,3.1,
ESTAT:SDG_03_60(1.0),12/12/24 23:00:00,Annual,16 years or over,Total,Too expensive or too far to travel or waiting list,Percentage,Total,Lithuania,2010,2.6,
ESTAT:SDG_03_60(1.0),12/12/24 23:00:00,Annual,16 years or over,Total,Too expensive or too far to travel or waiting list,Percentage,Total,Lithuania,2011,2.8,
ESTAT:SDG_03_60(1.0),12/12/24 23:00:00,Annual,16 years or over,Total,Too expensive or too far to travel or waiting list,Percentage,Total,Lithuania,2012,2.3,
ESTAT:SDG_03_60(1.0),12/12/24 23:00:00,Annual,16 years or over,Total,Too expensive or too far to travel or waiting list,Percentage,Total,Lithuania,2013,3.2,
ESTAT:SDG_03_60(1.0),12/12/24 23:00:00,Annual,16 years or over,Total,Too expensive or too far to travel or waiting list,Percentage,Total,Lithuania,2014,3.7,
ESTAT:SDG_03_60(1.0),12/12/24 23:00:00,Annual,16 years or over,Total,Too expensive or too far to travel or waiting list,Percentage,Total,Lithuania,2015,2.9,
ESTAT:SDG_03_60(1.0),12/12/24 23:00:00,Annual,16 years or over,Total,Too expensive or too far to travel or waiting list,Percentage,Total,Lithuania,2016,3.1,
ESTAT:SDG_03_60(1.0),12/12/24 23:00:00,Annual,16 years or over,Total,Too expensive or too far to travel or waiting list,Percentage,Total,Lithuania,2017,1.5,
ESTAT:SDG_03_60(1.0),12/12/24 23:00:00,Annual,16 years or over,Total,Too expensive or too far to travel or waiting list,Percentage,Total,Lithuania,2018,2.2,
ESTAT:SDG_03_60(1.0),12/12/24 23:00:00,Annual,16 years or over,Total,Too expensive or too far to travel or waiting list,Percentage,Total,Lithuania,2019,1.4,
ESTAT:SDG_03_60(1.0),12/12/24 23:00:00,Annual,16 years or over,Total,Too expensive or too far to travel or waiting list,Percentage,Total,Lithuania,2020,1.7,
ESTAT:SDG_03_60(1.0),12/12/24 23:00:00,Annual,16 years or over,Total,Too expensive or too far to travel or waiting list,Percentage,Total,Lithuania,2021,2.4,
ESTAT:SDG_03_60(1.0),12/12/24 23:00:00,Annual,16 years or over,Total,Too expensive or too far to travel or waiting list,Percentage,Total,Lithuania,2022,2.9,
ESTAT:SDG_03_60(1.0),12/12/24 23:00:00,Annual,16 years or over,Total,Too expensive or too far to travel or waiting list,Percentage,Total,Lithuania,2023,3.8,
ESTAT:SDG_03_60(1.0),12/12/24 23:00:00,Annual,16 years or over,Total,Too expensive or too far to travel or waiting list,Percentage,Total,Luxembourg,2008,0.6,
ESTAT:SDG_03_60(1.0),12/12/24 23:00:00,Annual,16 years or over,Total,Too expensive or too far to travel or waiting list,Percentage,Total,Luxembourg,2009,0.6,
ESTAT:SDG_03_60(1.0),12/12/24 23:00:00,Annual,16 years or over,Total,Too expensive or too far to travel or waiting list,Percentage,Total,Luxembourg,2010,0.6,
ESTAT:SDG_03_60(1.0),12/12/24 23:00:00,Annual,16 years or over,Total,Too expensive or too far to travel or waiting list,Percentage,Total,Luxembourg,2011,0.6,
ESTAT:SDG_03_60(1.0),12/12/24 23:00:00,Annual,16 years or over,Total,Too expensive or too far to travel or waiting list,Percentage,Total,Luxembourg,2012,0.7,
ESTAT:SDG_03_60(1.0),12/12/24 23:00:00,Annual,16 years or over,Total,Too expensive or too far to travel or waiting list,Percentage,Total,Luxembourg,2013,0.9,
ESTAT:SDG_03_60(1.0),12/12/24 23:00:00,Annual,16 years or over,Total,Too expensive or too far to travel or waiting list,Percentage,Total,Luxembourg,2014,0.8,
ESTAT:SDG_03_60(1.0),12/12/24 23:00:00,Annual,16 years or over,Total,Too expensive or too far to travel or waiting list,Percentage,Total,Luxembourg,2015,0.9,
ESTAT:SDG_03_60(1.0),12/12/24 23:00:00,Annual,16 years or over,Total,Too expensive or too far to travel or waiting list,Percentage,Total,Luxembourg,2016,0.4,
ESTAT:SDG_03_60(1.0),12/12/24 23:00:00,Annual,16 years or over,Total,Too expensive or too far to travel or waiting list,Percentage,Total,Luxembourg,2017,0.3,
ESTAT:SDG_03_60(1.0),12/12/24 23:00:00,Annual,16 years or over,Total,Too expensive or too far to travel or waiting list,Percentage,Total,Luxembourg,2018,0.3,
ESTAT:SDG_03_60(1.0),12/12/24 23:00:00,Annual,16 years or over,Total,Too expensive or too far to travel or waiting list,Percentage,Total,Luxembourg,2019,0.2,
ESTAT:SDG_03_60(1.0),12/12/24 23:00:00,Annual,16 years or over,Total,Too expensive or too far to travel or waiting list,Percentage,Total,Luxembourg,2020,0.1,b
ESTAT:SDG_03_60(1.0),12/12/24 23:00:00,Annual,16 years or over,Total,Too expensive or too far to travel or waiting list,Percentage,Total,Luxembourg,2021,1.0,b
ESTAT:SDG_03_60(1.0),12/12/24 23:00:00,Annual,16 years or over,Total,Too expensive or too far to travel or waiting list,Percentage,Total,Luxembourg,2022,0.5,b
ESTAT:SDG_03_60(1.0),12/12/24 23:00:00,Annual,16 years or over,Total,Too expensive or too far to travel or waiting list,Percentage,Total,Luxembourg,2023,0.8,
ESTAT:SDG_03_60(1.0),12/12/24 23:00:00,Annual,16 years or over,Total,Too expensive or too far to travel or waiting list,Percentage,Total,Latvia,2008,9.9,
ESTAT:SDG_03_60(1.0),12/12/24 23:00:00,Annual,16 years or over,Total,Too expensive or too far to travel or waiting list,Percentage,Total,Latvia,2009,9.9,
ESTAT:SDG_03_60(1.0),12/12/24 23:00:00,Annual,16 years or over,Total,Too expensive or too far to travel or waiting list,Percentage,Total,Latvia,2010,15.1,
ESTAT:SDG_03_60(1.0),12/12/24 23:00:00,Annual,16 years or over,Total,Too expensive or too far to travel or waiting list,Percentage,Total,Latvia,2011,16.1,
ESTAT:SDG_03_60(1.0),12/12/24 23:00:00,Annual,16 years or over,Total,Too expensive or too far to travel or waiting list,Percentage,Total,Latvia,2012,12.4,
ESTAT:SDG_03_60(1.0),12/12/24 23:00:00,Annual,16 years or over,Total,Too expensive or too far to travel or waiting list,Percentage,Total,Latvia,2013,13.8,
ESTAT:SDG_03_60(1.0),12/12/24 23:00:00,Annual,16 years or over,Total,Too expensive or too far to travel or waiting list,Percentage,Total,Latvia,2014,12.5,
ESTAT:SDG_03_60(1.0),12/12/24 23:00:00,Annual,16 years or over,Total,Too expensive or too far to travel or waiting list,Percentage,Total,Latvia,2015,8.4,
ESTAT:SDG_03_60(1.0),12/12/24 23:00:00,Annual,16 years or over,Total,Too expensive or too far to travel or waiting list,Percentage,Total,Latvia,2016,8.2,
ESTAT:SDG_03_60(1.0),12/12/24 23:00:00,Annual,16 years or over,Total,Too expensive or too far to travel or waiting list,Percentage,Total,Latvia,2017,6.2,
ESTAT:SDG_03_60(1.0),12/12/24 23:00:00,Annual,16 years or over,Total,Too expensive or too far to travel or waiting list,Percentage,Total,Latvia,2018,6.2,
ESTAT:SDG_03_60(1.0),12/12/24 23:00:00,Annual,16 years or over,Total,Too expensive or too far to travel or waiting list,Percentage,Total,Latvia,2019,4.3,
ESTAT:SDG_03_60(1.0),12/12/24 23:00:00,Annual,16 years or over,Total,Too expensive or too far to travel or waiting list,Percentage,Total,Latvia,2020,5.3,
ESTAT:SDG_03_60(1.0),12/12/24 23:00:00,Annual,16 years or over,Total,Too expensive or too far to travel or waiting list,Percentage,Total,Latvia,2021,4.0,
ESTAT:SDG_03_60(1.0),12/12/24 23:00:00,Annual,16 years or over,Total,Too expensive or too far to travel or waiting list,Percentage,Total,Latvia,2022,5.4,
ESTAT:SDG_03_60(1.0),12/12/24 23:00:00,Annual,16 years or over,Total,Too expensive or too far to travel or waiting list,Percentage,Total,Latvia,2023,7.8,
ESTAT:SDG_03_60(1.0),12/12/24 23:00:00,Annual,16 years or over,Total,Too expensive or too far to travel or waiting list,Percentage,Total,Montenegro,2013,11.3,
ESTAT:SDG_03_60(1.0),12/12/24 23:00:00,Annual,16 years or over,Total,Too expensive or too far to travel or waiting list,Percentage,Total,Montenegro,2014,8.3,
ESTAT:SDG_03_60(1.0),12/12/24 23:00:00,Annual,16 years or over,Total,Too expensive or too far to travel or waiting list,Percentage,Total,Montenegro,2015,4.4,
ESTAT:SDG_03_60(1.0),12/12/24 23:00:00,Annual,16 years or over,Total,Too expensive or too far to travel or waiting list,Percentage,Total,Montenegro,2016,2.7,
ESTAT:SDG_03_60(1.0),12/12/24 23:00:00,Annual,16 years or over,Total,Too expensive or too far to travel or waiting list,Percentage,Total,Montenegro,2017,2.7,
ESTAT:SDG_03_60(1.0),12/12/24 23:00:00,Annual,16 years or over,Total,Too expensive or too far to travel or waiting list,Percentage,Total,Montenegro,2018,2.3,
ESTAT:SDG_03_60(1.0),12/12/24 23:00:00,Annual,16 years or over,Total,Too expensive or too far to travel or waiting list,Percentage,Total,Montenegro,2019,3.1,
ESTAT:SDG_03_60(1.0),12/12/24 23:00:00,Annual,16 years or over,Total,Too expensive or too far to travel or waiting list,Percentage,Total,Montenegro,2020,2.1,
ESTAT:SDG_03_60(1.0),12/12/24 23:00:00,Annual,16 years or over,Total,Too expensive or too far to travel or waiting list,Percentage,Total,Montenegro,2021,1.6,
ESTAT:SDG_03_60(1.0),12/12/24 23:00:00,Annual,16 years or over,Total,Too expensive or too far to travel or waiting list,Percentage,Total,Montenegro,2022,2.6,
ESTAT:SDG_03_60(1.0),12/12/24 23:00:00,Annual,16 years or over,Total,Too expensive or too far to travel or waiting list,Percentage,Total,Montenegro,2023,1.9,
ESTAT:SDG_03_60(1.0),12/12/24 23:00:00,Annual,16 years or over,Total,Too expensive or too far to travel or waiting list,Percentage,Total,North Macedonia,2010,11.4,
ESTAT:SDG_03_60(1.0),12/12/24 23:00:00,Annual,16 years or over,Total,Too expensive or too far to travel or waiting list,Percentage,Total,North Macedonia,2011,8.3,
ESTAT:SDG_03_60(1.0),12/12/24 23:00:00,Annual,16 years or over,Total,Too expensive or too far to travel or waiting list,Percentage,Total,North Macedonia,2012,7.7,
ESTAT:SDG_03_60(1.0),12/12/24 23:00:00,Annual,16 years or over,Total,Too expensive or too far to travel or waiting list,Percentage,Total,North Macedonia,2013,6.6,
ESTAT:SDG_03_60(1.0),12/12/24 23:00:00,Annual,16 years or over,Total,Too expensive or too far to travel or waiting list,Percentage,Total,North Macedonia,2014,4.8,
ESTAT:SDG_03_60(1.0),12/12/24 23:00:00,Annual,16 years or over,Total,Too expensive or too far to travel or waiting list,Percentage,Total,North Macedonia,2015,2.9,
ESTAT:SDG_03_60(1.0),12/12/24 23:00:00,Annual,16 years or over,Total,Too expensive or too far to travel or waiting list,Percentage,Total,North Macedonia,2016,2.9,
ESTAT:SDG_03_60(1.0),12/12/24 23:00:00,Annual,16 years or over,Total,Too expensive or too far to travel or waiting list,Percentage,Total,North Macedonia,2017,2.5,
ESTAT:SDG_03_60(1.0),12/12/24 23:00:00,Annual,16 years or over,Total,Too expensive or too far to travel or waiting list,Percentage,Total,North Macedonia,2018,2.3,
ESTAT:SDG_03_60(1.0),12/12/24 23:00:00,Annual,16 years or over,Total,Too expensive or too far to travel or waiting list,Percentage,Total,North Macedonia,2019,2.5,
ESTAT:SDG_03_60(1.0),12/12/24 23:00:00,Annual,16 years or over,Total,Too expensive or too far to travel or waiting list,Percentage,Total,North Macedonia,2020,1.7,
ESTAT:SDG_03_60(1.0),12/12/24 23:00:00,Annual,16 years or over,Total,Too expensive or too far to travel or waiting list,Percentage,Total,Malta,2008,0.7,
ESTAT:SDG_03_60(1.0),12/12/24 23:00:00,Annual,16 years or over,Total,Too expensive or too far to travel or waiting list,Percentage,Total,Malta,2009,1.4,
ESTAT:SDG_03_60(1.0),12/12/24 23:00:00,Annual,16 years or over,Total,Too expensive or too far to travel or waiting list,Percentage,Total,Malta,2010,1.6,
ESTAT:SDG_03_60(1.0),12/12/24 23:00:00,Annual,16 years or over,Total,Too expensive or too far to travel or waiting list,Percentage,Total,Malta,2011,1.1,
ESTAT:SDG_03_60(1.0),12/12/24 23:00:00,Annual,16 years or over,Total,Too expensive or too far to travel or waiting list,Percentage,Total,Malta,2012,1.2,
ESTAT:SDG_03_60(1.0),12/12/24 23:00:00,Annual,16 years or over,Total,Too expensive or too far to travel or waiting list,Percentage,Total,Malta,2013,0.9,
ESTAT:SDG_03_60(1.0),12/12/24 23:00:00,Annual,16 years or over,Total,Too expensive or too far to travel or waiting list,Percentage,Total,Malta,2014,1.1,
ESTAT:SDG_03_60(1.0),12/12/24 23:00:00,Annual,16 years or over,Total,Too expensive or too far to travel or waiting list,Percentage,Total,Malta,2015,0.8,
ESTAT:SDG_03_60(1.0),12/12/24 23:00:00,Annual,16 years or over,Total,Too expensive or too far to travel or waiting list,Percentage,Total,Malta,2016,1.0,
ESTAT:SDG_03_60(1.0),12/12/24 23:00:00,Annual,16 years or over,Total,Too expensive or too far to travel or waiting list,Percentage,Total,Malta,2017,0.2,
ESTAT:SDG_03_60(1.0),12/12/24 23:00:00,Annual,16 years or over,Total,Too expensive or too far to travel or waiting list,Percentage,Total,Malta,2018,0.2,
ESTAT:SDG_03_60(1.0),12/12/24 23:00:00,Annual,16 years or over,Total,Too expensive or too far to travel or waiting list,Percentage,Total,Malta,2019,0.0,n
ESTAT:SDG_03_60(1.0),12/12/24 23:00:00,Annual,16 years or over,Total,Too expensive or too far to travel or waiting list,Percentage,Total,Malta,2020,0.0,n
ESTAT:SDG_03_60(1.0),12/12/24 23:00:00,Annual,16 years or over,Total,Too expensive or too far to travel or waiting list,Percentage,Total,Malta,2021,0.1,
ESTAT:SDG_03_60(1.0),12/12/24 23:00:00,Annual,16 years or over,Total,Too expensive or too far to travel or waiting list,Percentage,Total,Malta,2022,0.3,
ESTAT:SDG_03_60(1.0),12/12/24 23:00:00,Annual,16 years or over,Total,Too expensive or too far to travel or waiting list,Percentage,Total,Malta,2023,0.1,
ESTAT:SDG_03_60(1.0),12/12/24 23:00:00,Annual,16 years or over,Total,Too expensive or too far to travel or waiting list,Percentage,Total,Netherlands,2008,0.3,
ESTAT:SDG_03_60(1.0),12/12/24 23:00:00,Annual,16 years or over,Total,Too expensive or too far to travel or waiting list,Percentage,Total,Netherlands,2009,0.3,
ESTAT:SDG_03_60(1.0),12/12/24 23:00:00,Annual,16 years or over,Total,Too expensive or too far to travel or waiting list,Percentage,Total,Netherlands,2010,0.4,
ESTAT:SDG_03_60(1.0),12/12/24 23:00:00,Annual,16 years or over,Total,Too expensive or too far to travel or waiting list,Percentage,Total,Netherlands,2011,0.4,
ESTAT:SDG_03_60(1.0),12/12/24 23:00:00,Annual,16 years or over,Total,Too expensive or too far to travel or waiting list,Percentage,Total,Netherlands,2012,0.5,
ESTAT:SDG_03_60(1.0),12/12/24 23:00:00,Annual,16 years or over,Total,Too expensive or too far to travel or waiting list,Percentage,Total,Netherlands,2013,0.4,
ESTAT:SDG_03_60(1.0),12/12/24 23:00:00,Annual,16 years or over,Total,Too expensive or too far to travel or waiting list,Percentage,Total,Netherlands,2014,0.5,
ESTAT:SDG_03_60(1.0),12/12/24 23:00:00,Annual,16 years or over,Total,Too expensive or too far to travel or waiting list,Percentage,Total,Netherlands,2015,0.1,
ESTAT:SDG_03_60(1.0),12/12/24 23:00:00,Annual,16 years or over,Total,Too expensive or too far to travel or waiting list,Percentage,Total,Netherlands,2016,0.2,
ESTAT:SDG_03_60(1.0),12/12/24 23:00:00,Annual,16 years or over,Total,Too expensive or too far to travel or waiting list,Percentage,Total,Netherlands,2017,0.1,
ESTAT:SDG_03_60(1.0),12/12/24 23:00:00,Annual,16 years or over,Total,Too expensive or too far to travel or waiting list,Percentage,Total,Netherlands,2018,0.2,
ESTAT:SDG_03_60(1.0),12/12/24 23:00:00,Annual,16 years or over,Total,Too expensive or too far to travel or waiting list,Percentage,Total,Netherlands,2019,0.2,
ESTAT:SDG_03_60(1.0),12/12/24 23:00:00,Annual,16 years or over,Total,Too expensive or too far to travel or waiting list,Percentage,Total,Netherlands,2020,0.2,
ESTAT:SDG_03_60(1.0),12/12/24 23:00:00,Annual,16 years or over,Total,Too expensive or too far to travel or waiting list,Percentage,Total,Netherlands,2021,0.2,
ESTAT:SDG_03_60(1.0),12/12/24 23:00:00,Annual,16 years or over,Total,Too expensive or too far to travel or waiting list,Percentage,Total,Netherlands,2022,0.2,
ESTAT:SDG_03_60(1.0),12/12/24 23:00:00,Annual,16 years or over,Total,Too expensive or too far to travel or waiting list,Percentage,Total,Netherlands,2023,0.3,
ESTAT:SDG_03_60(1.0),12/12/24 23:00:00,Annual,16 years or over,Total,Too expensive or too far to travel or waiting list,Percentage,Total,Norway,2008,1.3,
ESTAT:SDG_03_60(1.0),12/12/24 23:00:00,Annual,16 years or over,Total,Too expensive or too far to travel or waiting list,Percentage,Total,Norway,2009,1.3,
ESTAT:SDG_03_60(1.0),12/12/24 23:00:00,Annual,16 years or over,Total,Too expensive or too far to travel or waiting list,Percentage,Total,Norway,2010,1.4,
ESTAT:SDG_03_60(1.0),12/12/24 23:00:00,Annual,16 years or over,Total,Too expensive or too far to travel or waiting list,Percentage,Total,Norway,2011,1.6,
ESTAT:SDG_03_60(1.0),12/12/24 23:00:00,Annual,16 years or over,Total,Too expensive or too far to travel or waiting list,Percentage,Total,Norway,2012,1.3,
ESTAT:SDG_03_60(1.0),12/12/24 23:00:00,Annual,16 years or over,Total,Too expensive or too far to travel or waiting list,Percentage,Total,Norway,2013,1.5,
ESTAT:SDG_03_60(1.0),12/12/24 23:00:00,Annual,16 years or over,Total,Too expensive or too far to travel or waiting list,Percentage,Total,Norway,2014,0.8,
ESTAT:SDG_03_60(1.0),12/12/24 23:00:00,Annual,16 years or over,Total,Too expensive or too far to travel or waiting list,Percentage,Total,Norway,2015,1.1,
ESTAT:SDG_03_60(1.0),12/12/24 23:00:00,Annual,16 years or over,Total,Too expensive or too far to travel or waiting list,Percentage,Total,Norway,2016,1.1,
ESTAT:SDG_03_60(1.0),12/12/24 23:00:00,Annual,16 years or over,Total,Too expensive or too far to travel or waiting list,Percentage,Total,Norway,2017,1.3,
ESTAT:SDG_03_60(1.0),12/12/24 23:00:00,Annual,16 years or over,Total,Too expensive or too far to travel or waiting list,Percentage,Total,Norway,2018,1.4,
ESTAT:SDG_03_60(1.0),12/12/24 23:00:00,Annual,16 years or over,Total,Too expensive or too far to travel or waiting list,Percentage,Total,Norway,2019,1.0,
ESTAT:SDG_03_60(1.0),12/12/24 23:00:00,Annual,16 years or over,Total,Too expensive or too far to travel or waiting list,Percentage,Total,Norway,2020,0.9,
ESTAT:SDG_03_60(1.0),12/12/24 23:00:00,Annual,16 years or over,Total,Too expensive or too far to travel or waiting list,Percentage,Total,Norway,2021,0.8,b
ESTAT:SDG_03_60(1.0),12/12/24 23:00:00,Annual,16 years or over,Total,Too expensive or too far to travel or waiting list,Percentage,Total,Norway,2022,1.2,
ESTAT:SDG_03_60(1.0),12/12/24 23:00:00,Annual,16 years or over,Total,Too expensive or too far to travel or waiting list,Percentage,Total,Norway,2023,1.8,
ESTAT:SDG_03_60(1.0),12/12/24 23:00:00,Annual,16 years or over,Total,Too expensive or too far to travel or waiting list,Percentage,Total,Poland,2008,6.0,
ESTAT:SDG_03_60(1.0),12/12/24 23:00:00,Annual,16 years or over,Total,Too expensive or too far to travel or waiting list,Percentage,Total,Poland,2009,7.6,
ESTAT:SDG_03_60(1.0),12/12/24 23:00:00,Annual,16 years or over,Total,Too expensive or too far to travel or waiting list,Percentage,Total,Poland,2010,8.3,
ESTAT:SDG_03_60(1.0),12/12/24 23:00:00,Annual,16 years or over,Total,Too expensive or too far to travel or waiting list,Percentage,Total,Poland,2011,7.9,
ESTAT:SDG_03_60(1.0),12/12/24 23:00:00,Annual,16 years or over,Total,Too expensive or too far to travel or waiting list,Percentage,Total,Poland,2012,9.0,
ESTAT:SDG_03_60(1.0),12/12/24 23:00:00,Annual,16 years or over,Total,Too expensive or too far to travel or waiting list,Percentage,Total,Poland,2013,8.8,
ESTAT:SDG_03_60(1.0),12/12/24 23:00:00,Annual,16 years or over,Total,Too expensive or too far to travel or waiting list,Percentage,Total,Poland,2014,7.8,
ESTAT:SDG_03_60(1.0),12/12/24 23:00:00,Annual,16 years or over,Total,Too expensive or too far to travel or waiting list,Percentage,Total,Poland,2015,7.3,
ESTAT:SDG_03_60(1.0),12/12/24 23:00:00,Annual,16 years or over,Total,Too expensive or too far to travel or waiting list,Percentage,Total,Poland,2016,6.6,
ESTAT:SDG_03_60(1.0),12/12/24 23:00:00,Annual,16 years or over,Total,Too expensive or too far to travel or waiting list,Percentage,Total,Poland,2017,3.3,b
ESTAT:SDG_03_60(1.0),12/12/24 23:00:00,Annual,16 years or over,Total,Too expensive or too far to travel or waiting list,Percentage,Total,Poland,2018,4.2,
ESTAT:SDG_03_60(1.0),12/12/24 23:00:00,Annual,16 years or over,Total,Too expensive or too far to travel or waiting list,Percentage,Total,Poland,2019,4.2,
ESTAT:SDG_03_60(1.0),12/12/24 23:00:00,Annual,16 years or over,Total,Too expensive or too far to travel or waiting list,Percentage,Total,Poland,2020,1.9,
ESTAT:SDG_03_60(1.0),12/12/24 23:00:00,Annual,16 years or over,Total,Too expensive or too far to travel or waiting list,Percentage,Total,Poland,2021,2.7,
ESTAT:SDG_03_60(1.0),12/12/24 23:00:00,Annual,16 years or over,Total,Too expensive or too far to travel or waiting list,Percentage,Total,Poland,2022,2.3,
ESTAT:SDG_03_60(1.0),12/12/24 23:00:00,Annual,16 years or over,Total,Too expensive or too far to travel or waiting list,Percentage,Total,Poland,2023,3.6,
ESTAT:SDG_03_60(1.0),12/12/24 23:00:00,Annual,16 years or over,Total,Too expensive or too far to travel or waiting list,Percentage,Total,Portugal,2008,1.1,
ESTAT:SDG_03_60(1.0),12/12/24 23:00:00,Annual,16 years or over,Total,Too expensive or too far to travel or waiting list,Percentage,Total,Portugal,2009,3.3,
ESTAT:SDG_03_60(1.0),12/12/24 23:00:00,Annual,16 years or over,Total,Too expensive or too far to travel or waiting list,Percentage,Total,Portugal,2010,2.0,
ESTAT:SDG_03_60(1.0),12/12/24 23:00:00,Annual,16 years or over,Total,Too expensive or too far to travel or waiting list,Percentage,Total,Portugal,2011,1.4,
ESTAT:SDG_03_60(1.0),12/12/24 23:00:00,Annual,16 years or over,Total,Too expensive or too far to travel or waiting list,Percentage,Total,Portugal,2012,3.3,
ESTAT:SDG_03_60(1.0),12/12/24 23:00:00,Annual,16 years or over,Total,Too expensive or too far to travel or waiting list,Percentage,Total,Portugal,2013,3.0,
ESTAT:SDG_03_60(1.0),12/12/24 23:00:00,Annual,16 years or over,Total,Too expensive or too far to travel or waiting list,Percentage,Total,Portugal,2014,3.5,
ESTAT:SDG_03_60(1.0),12/12/24 23:00:00,Annual,16 years or over,Total,Too expensive or too far to travel or waiting list,Percentage,Total,Portugal,2015,3.0,
ESTAT:SDG_03_60(1.0),12/12/24 23:00:00,Annual,16 years or over,Total,Too expensive or too far to travel or waiting list,Percentage,Total,Portugal,2016,2.4,
ESTAT:SDG_03_60(1.0),12/12/24 23:00:00,Annual,16 years or over,Total,Too expensive or too far to travel or waiting list,Percentage,Total,Portugal,2017,2.3,
ESTAT:SDG_03_60(1.0),12/12/24 23:00:00,Annual,16 years or over,Total,Too expensive or too far to travel or waiting list,Percentage,Total,Portugal,2018,2.1,
ESTAT:SDG_03_60(1.0),12/12/24 23:00:00,Annual,16 years or over,Total,Too expensive or too far to travel or waiting list,Percentage,Total,Portugal,2019,1.7,
ESTAT:SDG_03_60(1.0),12/12/24 23:00:00,Annual,16 years or over,Total,Too expensive or too far to travel or waiting list,Percentage,Total,Portugal,2020,1.6,
ESTAT:SDG_03_60(1.0),12/12/24 23:00:00,Annual,16 years or over,Total,Too expensive or too far to travel or waiting list,Percentage,Total,Portugal,2021,2.3,
ESTAT:SDG_03_60(1.0),12/12/24 23:00:00,Annual,16 years or over,Total,Too expensive or too far to travel or waiting list,Percentage,Total,Portugal,2022,2.9,
ESTAT:SDG_03_60(1.0),12/12/24 23:00:00,Annual,16 years or over,Total,Too expensive or too far to travel or waiting list,Percentage,Total,Portugal,2023,2.8,
ESTAT:SDG_03_60(1.0),12/12/24 23:00:00,Annual,16 years or over,Total,Too expensive or too far to travel or waiting list,Percentage,Total,Romania,2008,11.1,
ESTAT:SDG_03_60(1.0),12/12/24 23:00:00,Annual,16 years or over,Total,Too expensive or too far to travel or waiting list,Percentage,Total,Romania,2009,8.9,
ESTAT:SDG_03_60(1.0),12/12/24 23:00:00,Annual,16 years or over,Total,Too expensive or too far to travel or waiting list,Percentage,Total,Romania,2010,11.1,
ESTAT:SDG_03_60(1.0),12/12/24 23:00:00,Annual,16 years or over,Total,Too expensive or too far to travel or waiting list,Percentage,Total,Romania,2011,12.2,
ESTAT:SDG_03_60(1.0),12/12/24 23:00:00,Annual,16 years or over,Total,Too expensive or too far to travel or waiting list,Percentage,Total,Romania,2012,11.5,
ESTAT:SDG_03_60(1.0),12/12/24 23:00:00,Annual,16 years or over,Total,Too expensive or too far to travel or waiting list,Percentage,Total,Romania,2013,10.9,
ESTAT:SDG_03_60(1.0),12/12/24 23:00:00,Annual,16 years or over,Total,Too expensive or too far to travel or waiting list,Percentage,Total,Romania,2014,9.8,
ESTAT:SDG_03_60(1.0),12/12/24 23:00:00,Annual,16 years or over,Total,Too expensive or too far to travel or waiting list,Percentage,Total,Romania,2015,9.4,
ESTAT:SDG_03_60(1.0),12/12/24 23:00:00,Annual,16 years or over,Total,Too expensive or too far to travel or waiting list,Percentage,Total,Romania,2016,6.5,
ESTAT:SDG_03_60(1.0),12/12/24 23:00:00,Annual,16 years or over,Total,Too expensive or too far to travel or waiting list,Percentage,Total,Romania,2017,4.7,
ESTAT:SDG_03_60(1.0),12/12/24 23:00:00,Annual,16 years or over,Total,Too expensive or too far to travel or waiting list,Percentage,Total,Romania,2018,4.9,
ESTAT:SDG_03_60(1.0),12/12/24 23:00:00,Annual,16 years or over,Total,Too expensive or too far to travel or waiting list,Percentage,Total,Romania,2019,4.9,
ESTAT:SDG_03_60(1.0),12/12/24 23:00:00,Annual,16 years or over,Total,Too expensive or too far to travel or waiting list,Percentage,Total,Romania,2020,4.7,
ESTAT:SDG_03_60(1.0),12/12/24 23:00:00,Annual,16 years or over,Total,Too expensive or too far to travel or waiting list,Percentage,Total,Romania,2021,4.4,
ESTAT:SDG_03_60(1.0),12/12/24 23:00:00,Annual,16 years or over,Total,Too expensive or too far to travel or waiting list,Percentage,Total,Romania,2022,4.9,
ESTAT:SDG_03_60(1.0),12/12/24 23:00:00,Annual,16 years or over,Total,Too expensive or too far to travel or waiting list,Percentage,Total,Romania,2023,5.2,
ESTAT:SDG_03_60(1.0),12/12/24 23:00:00,Annual,16 years or over,Total,Too expensive or too far to travel or waiting list,Percentage,Total,Serbia,2013,8.7,
ESTAT:SDG_03_60(1.0),12/12/24 23:00:00,Annual,16 years or over,Total,Too expensive or too far to travel or waiting list,Percentage,Total,Serbia,2014,7.4,
ESTAT:SDG_03_60(1.0),12/12/24 23:00:00,Annual,16 years or over,Total,Too expensive or too far to travel or waiting list,Percentage,Total,Serbia,2015,6.3,
ESTAT:SDG_03_60(1.0),12/12/24 23:00:00,Annual,16 years or over,Total,Too expensive or too far to travel or waiting list,Percentage,Total,Serbia,2016,4.5,
ESTAT:SDG_03_60(1.0),12/12/24 23:00:00,Annual,16 years or over,Total,Too expensive or too far to travel or waiting list,Percentage,Total,Serbia,2017,4.8,
ESTAT:SDG_03_60(1.0),12/12/24 23:00:00,Annual,16 years or over,Total,Too expensive or too far to travel or waiting list,Percentage,Total,Serbia,2018,5.8,
ESTAT:SDG_03_60(1.0),12/12/24 23:00:00,Annual,16 years or over,Total,Too expensive or too far to travel or waiting list,Percentage,Total,Serbia,2019,4.8,
ESTAT:SDG_03_60(1.0),12/12/24 23:00:00,Annual,16 years or over,Total,Too expensive or too far to travel or waiting list,Percentage,Total,Serbia,2020,3.8,
ESTAT:SDG_03_60(1.0),12/12/24 23:00:00,Annual,16 years or over,Total,Too expensive or too far to travel or waiting list,Percentage,Total,Serbia,2021,5.3,
ESTAT:SDG_03_60(1.0),12/12/24 23:00:00,Annual,16 years or over,Total,Too expensive or too far to travel or waiting list,Percentage,Total,Serbia,2022,3.1,
ESTAT:SDG_03_60(1.0),12/12/24 23:00:00,Annual,16 years or over,Total,Too expensive or too far to travel or waiting list,Percentage,Total,Serbia,2023,5.0,
ESTAT:SDG_03_60(1.0),12/12/24 23:00:00,Annual,16 years or over,Total,Too expensive or too far to travel or waiting list,Percentage,Total,Sweden,2008,2.6,
ESTAT:SDG_03_60(1.0),12/12/24 23:00:00,Annual,16 years or over,Total,Too expensive or too far to travel or waiting list,Percentage,Total,Sweden,2009,2.1,
ESTAT:SDG_03_60(1.0),12/12/24 23:00:00,Annual,16 years or over,Total,Too expensive or too far to travel or waiting list,Percentage,Total,Sweden,2010,1.9,
ESTAT:SDG_03_60(1.0),12/12/24 23:00:00,Annual,16 years or over,Total,Too expensive or too far to travel or waiting list,Percentage,Total,Sweden,2011,1.5,
ESTAT:SDG_03_60(1.0),12/12/24 23:00:00,Annual,16 years or over,Total,Too expensive or too far to travel or waiting list,Percentage,Total,Sweden,2012,1.5,
ESTAT:SDG_03_60(1.0),12/12/24 23:00:00,Annual,16 years or over,Total,Too expensive or too far to travel or waiting list,Percentage,Total,Sweden,2013,2.1,
ESTAT:SDG_03_60(1.0),12/12/24 23:00:00,Annual,16 years or over,Total,Too expensive or too far to travel or waiting list,Percentage,Total,Sweden,2014,1.7,
ESTAT:SDG_03_60(1.0),12/12/24 23:00:00,Annual,16 years or over,Total,Too expensive or too far to travel or waiting list,Percentage,Total,Sweden,2015,1.3,
ESTAT:SDG_03_60(1.0),12/12/24 23:00:00,Annual,16 years or over,Total,Too expensive or too far to travel or waiting list,Percentage,Total,Sweden,2016,1.6,
ESTAT:SDG_03_60(1.0),12/12/24 23:00:00,Annual,16 years or over,Total,Too expensive or too far to travel or waiting list,Percentage,Total,Sweden,2017,1.4,
ESTAT:SDG_03_60(1.0),12/12/24 23:00:00,Annual,16 years or over,Total,Too expensive or too far to travel or waiting list,Percentage,Total,Sweden,2018,1.5,
ESTAT:SDG_03_60(1.0),12/12/24 23:00:00,Annual,16 years or over,Total,Too expensive or too far to travel or waiting list,Percentage,Total,Sweden,2019,1.4,
ESTAT:SDG_03_60(1.0),12/12/24 23:00:00,Annual,16 years or over,Total,Too expensive or too far to travel or waiting list,Percentage,Total,Sweden,2020,1.5,
ESTAT:SDG_03_60(1.0),12/12/24 23:00:00,Annual,16 years or over,Total,Too expensive or too far to travel or waiting list,Percentage,Total,Sweden,2021,1.3,
ESTAT:SDG_03_60(1.0),12/12/24 23:00:00,Annual,16 years or over,Total,Too expensive or too far to travel or waiting list,Percentage,Total,Sweden,2022,1.8,
ESTAT:SDG_03_60(1.0),12/12/24 23:00:00,Annual,16 years or over,Total,Too expensive or too far to travel or waiting list,Percentage,Total,Sweden,2023,2.1,
ESTAT:SDG_03_60(1.0),12/12/24 23:00:00,Annual,16 years or over,Total,Too expensive or too far to travel or waiting list,Percentage,Total,Slovenia,2008,0.2,
ESTAT:SDG_03_60(1.0),12/12/24 23:00:00,Annual,16 years or over,Total,Too expensive or too far to travel or waiting list,Percentage,Total,Slovenia,2009,0.2,
ESTAT:SDG_03_60(1.0),12/12/24 23:00:00,Annual,16 years or over,Total,Too expensive or too far to travel or waiting list,Percentage,Total,Slovenia,2010,0.1,
ESTAT:SDG_03_60(1.0),12/12/24 23:00:00,Annual,16 years or over,Total,Too expensive or too far to travel or waiting list,Percentage,Total,Slovenia,2011,0.1,
ESTAT:SDG_03_60(1.0),12/12/24 23:00:00,Annual,16 years or over,Total,Too expensive or too far to travel or waiting list,Percentage,Total,Slovenia,2012,0.1,
ESTAT:SDG_03_60(1.0),12/12/24 23:00:00,Annual,16 years or over,Total,Too expensive or too far to travel or waiting list,Percentage,Total,Slovenia,2013,0.0,n
ESTAT:SDG_03_60(1.0),12/12/24 23:00:00,Annual,16 years or over,Total,Too expensive or too far to travel or waiting list,Percentage,Total,Slovenia,2014,0.2,
ESTAT:SDG_03_60(1.0),12/12/24 23:00:00,Annual,16 years or over,Total,Too expensive or too far to travel or waiting list,Percentage,Total,Slovenia,2015,0.2,
ESTAT:SDG_03_60(1.0),12/12/24 23:00:00,Annual,16 years or over,Total,Too expensive or too far to travel or waiting list,Percentage,Total,Slovenia,2016,0.4,
ESTAT:SDG_03_60(1.0),12/12/24 23:00:00,Annual,16 years or over,Total,Too expensive or too far to travel or waiting list,Percentage,Total,Slovenia,2017,3.5,
ESTAT:SDG_03_60(1.0),12/12/24 23:00:00,Annual,16 years or over,Total,Too expensive or too far to travel or waiting list,Percentage,Total,Slovenia,2018,3.3,
ESTAT:SDG_03_60(1.0),12/12/24 23:00:00,Annual,16 years or over,Total,Too expensive or too far to travel or waiting list,Percentage,Total,Slovenia,2019,2.9,
ESTAT:SDG_03_60(1.0),12/12/24 23:00:00,Annual,16 years or over,Total,Too expensive or too far to travel or waiting list,Percentage,Total,Slovenia,2020,2.7,
ESTAT:SDG_03_60(1.0),12/12/24 23:00:00,Annual,16 years or over,Total,Too expensive or too far to travel or waiting list,Percentage,Total,Slovenia,2021,4.8,
ESTAT:SDG_03_60(1.0),12/12/24 23:00:00,Annual,16 years or over,Total,Too expensive or too far to travel or waiting list,Percentage,Total,Slovenia,2022,3.7,
ESTAT:SDG_03_60(1.0),12/12/24 23:00:00,Annual,16 years or over,Total,Too expensive or too far to travel or waiting list,Percentage,Total,Slovenia,2023,3.8,
ESTAT:SDG_03_60(1.0),12/12/24 23:00:00,Annual,16 years or over,Total,Too expensive or too far to travel or waiting list,Percentage,Total,Slovakia,2008,1.3,
ESTAT:SDG_03_60(1.0),12/12/24 23:00:00,Annual,16 years or over,Total,Too expensive or too far to travel or waiting list,Percentage,Total,Slovakia,2009,1.7,
ESTAT:SDG_03_60(1.0),12/12/24 23:00:00,Annual,16 years or over,Total,Too expensive or too far to travel or waiting list,Percentage,Total,Slovakia,2010,1.7,
ESTAT:SDG_03_60(1.0),12/12/24 23:00:00,Annual,16 years or over,Total,Too expensive or too far to travel or waiting list,Percentage,Total,Slovakia,2011,2.2,
ESTAT:SDG_03_60(1.0),12/12/24 23:00:00,Annual,16 years or over,Total,Too expensive or too far to travel or waiting list,Percentage,Total,Slovakia,2012,2.2,
ESTAT:SDG_03_60(1.0),12/12/24 23:00:00,Annual,16 years or over,Total,Too expensive or too far to travel or waiting list,Percentage,Total,Slovakia,2013,1.9,
ESTAT:SDG_03_60(1.0),12/12/24 23:00:00,Annual,16 years or over,Total,Too expensive or too far to travel or waiting list,Percentage,Total,Slovakia,2014,2.1,
ESTAT:SDG_03_60(1.0),12/12/24 23:00:00,Annual,16 years or over,Total,Too expensive or too far to travel or waiting list,Percentage,Total,Slovakia,2015,2.1,
ESTAT:SDG_03_60(1.0),12/12/24 23:00:00,Annual,16 years or over,Total,Too expensive or too far to travel or waiting list,Percentage,Total,Slovakia,2016,2.3,
ESTAT:SDG_03_60(1.0),12/12/24 23:00:00,Annual,16 years or over,Total,Too expensive or too far to travel or waiting list,Percentage,Total,Slovakia,2017,2.4,
ESTAT:SDG_03_60(1.0),12/12/24 23:00:00,Annual,16 years or over,Total,Too expensive or too far to travel or waiting list,Percentage,Total,Slovakia,2018,2.6,
ESTAT:SDG_03_60(1.0),12/12/24 23:00:00,Annual,16 years or over,Total,Too expensive or too far to travel or waiting list,Percentage,Total,Slovakia,2019,2.7,
ESTAT:SDG_03_60(1.0),12/12/24 23:00:00,Annual,16 years or over,Total,Too expensive or too far to travel or waiting list,Percentage,Total,Slovakia,2020,3.2,
ESTAT:SDG_03_60(1.0),12/12/24 23:00:00,Annual,16 years or over,Total,Too expensive or too far to travel or waiting list,Percentage,Total,Slovakia,2021,2.9,
ESTAT:SDG_03_60(1.0),12/12/24 23:00:00,Annual,16 years or over,Total,Too expensive or too far to travel or waiting list,Percentage,Total,Slovakia,2022,2.8,
ESTAT:SDG_03_60(1.0),12/12/24 23:00:00,Annual,16 years or over,Total,Too expensive or too far to travel or waiting list,Percentage,Total,Slovakia,2023,3.2,
ESTAT:SDG_03_60(1.0),12/12/24 23:00:00,Annual,16 years or over,Total,Too expensive or too far to travel or waiting list,Percentage,Total,Türkiye,2008,13.2,
ESTAT:SDG_03_60(1.0),12/12/24 23:00:00,Annual,16 years or over,Total,Too expensive or too far to travel or waiting list,Percentage,Total,Türkiye,2009,14.9,
ESTAT:SDG_03_60(1.0),12/12/24 23:00:00,Annual,16 years or over,Total,Too expensive or too far to travel or waiting list,Percentage,Total,Türkiye,2010,16.4,
ESTAT:SDG_03_60(1.0),12/12/24 23:00:00,Annual,16 years or over,Total,Too expensive or too far to travel or waiting list,Percentage,Total,Türkiye,2011,12.2,
ESTAT:SDG_03_60(1.0),12/12/24 23:00:00,Annual,16 years or over,Total,Too expensive or too far to travel or waiting list,Percentage,Total,Türkiye,2012,10.4,
ESTAT:SDG_03_60(1.0),12/12/24 23:00:00,Annual,16 years or over,Total,Too expensive or too far to travel or waiting list,Percentage,Total,Türkiye,2013,10.5,
ESTAT:SDG_03_60(1.0),12/12/24 23:00:00,Annual,16 years or over,Total,Too expensive or too far to travel or waiting list,Percentage,Total,Türkiye,2014,9.2,
ESTAT:SDG_03_60(1.0),12/12/24 23:00:00,Annual,16 years or over,Total,Too expensive or too far to travel or waiting list,Percentage,Total,Türkiye,2015,6.8,
ESTAT:SDG_03_60(1.0),12/12/24 23:00:00,Annual,16 years or over,Total,Too expensive or too far to travel or waiting list,Percentage,Total,Türkiye,2016,3.8,
ESTAT:SDG_03_60(1.0),12/12/24 23:00:00,Annual,16 years or over,Total,Too expensive or too far to travel or waiting list,Percentage,Total,Türkiye,2017,2.6,
ESTAT:SDG_03_60(1.0),12/12/24 23:00:00,Annual,16 years or over,Total,Too expensive or too far to travel or waiting list,Percentage,Total,Türkiye,2018,2.9,
ESTAT:SDG_03_60(1.0),12/12/24 23:00:00,Annual,16 years or over,Total,Too expensive or too far to travel or waiting list,Percentage,Total,Türkiye,2019,3.0,
ESTAT:SDG_03_60(1.0),12/12/24 23:00:00,Annual,16 years or over,Total,Too expensive or too far to travel or waiting list,Percentage,Total,Türkiye,2020,1.9,
ESTAT:SDG_03_60(1.0),12/12/24 23:00:00,Annual,16 years or over,Total,Too expensive or too far to travel or waiting list,Percentage,Total,Türkiye,2021,2.3,
ESTAT:SDG_03_60(1.0),12/12/24 23:00:00,Annual,16 years or over,Total,Too expensive or too far to travel or waiting list,Percentage,Total,Türkiye,2022,1.7,
ESTAT:SDG_03_60(1.0),12/12/24 23:00:00,Annual,16 years or over,Total,Too expensive or too far to travel or waiting list,Percentage,Total,Türkiye,2023,1.2,
ESTAT:SDG_03_60(1.0),12/12/24 23:00:00,Annual,16 years or over,Total,Too expensive or too far to travel or waiting list,Percentage,Total,United Kingdom,2008,1.0,
ESTAT:SDG_03_60(1.0),12/12/24 23:00:00,Annual,16 years or over,Total,Too expensive or too far to travel or waiting list,Percentage,Total,United Kingdom,2009,1.2,
ESTAT:SDG_03_60(1.0),12/12/24 23:00:00,Annual,16 years or over,Total,Too expensive or too far to travel or waiting list,Percentage,Total,United Kingdom,2010,1.0,
ESTAT:SDG_03_60(1.0),12/12/24 23:00:00,Annual,16 years or over,Total,Too expensive or too far to travel or waiting list,Percentage,Total,United Kingdom,2011,1.2,
ESTAT:SDG_03_60(1.0),12/12/24 23:00:00,Annual,16 years or over,Total,Too expensive or too far to travel or waiting list,Percentage,Total,United Kingdom,2012,1.4,
ESTAT:SDG_03_60(1.0),12/12/24 23:00:00,Annual,16 years or over,Total,Too expensive or too far to travel or waiting list,Percentage,Total,United Kingdom,2013,1.6,
ESTAT:SDG_03_60(1.0),12/12/24 23:00:00,Annual,16 years or over,Total,Too expensive or too far to travel or waiting list,Percentage,Total,United Kingdom,2014,2.1,
ESTAT:SDG_03_60(1.0),12/12/24 23:00:00,Annual,16 years or over,Total,Too expensive or too far to travel or waiting list,Percentage,Total,United Kingdom,2015,2.8,
ESTAT:SDG_03_60(1.0),12/12/24 23:00:00,Annual,16 years or over,Total,Too expensive or too far to travel or waiting list,Percentage,Total,United Kingdom,2016,1.0,
ESTAT:SDG_03_60(1.0),12/12/24 23:00:00,Annual,16 years or over,Total,Too expensive or too far to travel or waiting list,Percentage,Total,United Kingdom,2017,3.3,b
ESTAT:SDG_03_60(1.0),12/12/24 23:00:00,Annual,16 years or over,Total,Too expensive or too far to travel or waiting list,Percentage,Total,United Kingdom,2018,4.5,
ESTAT:SDG_03_60(1.0),12/12/24 23:00:00,Annual,16 years or over,Total,Too expensive or too far to travel or waiting list,Percentage,Total,Kosovo*,2018,10.0,
ESTAT:SDG_03_60(1.0),12/12/24 23:00:00,Annual,16 years or over,Total,Too expensive or too far to travel or waiting list,Percentage,Total,Kosovo*,2019,5.2,
